Date,Region,Latitude,Longitude,Product,Category,Units_Sold,Unit_Price_USD,Revenue_USD,Discount_Pct,Profit_USD,Customer_Rating
2024-01-01,Europe,46.3377,0.4458,Data Connector,Services,37,107.06,3961.22,20.0,928.72,5.0
2024-01-01,Middle East,25.54,53.2466,Security Suite,Software,8,883.29,7066.32,15.0,2824.34,3.0
2024-01-02,Asia Pacific,38.6598,142.9003,Enterprise ERP,Software,7,178.33,1248.31,0.0,383.33,2.0
2024-01-02,Europe,50.7144,0.3486,AI CoPilot,Subscription,14,749.57,10493.98,5.0,6270.53,3.0
2024-01-03,North America,40.2274,-124.2438,Enterprise ERP,Services,3,373.21,1119.63,20.0,149.32,5.0
2024-01-03,North America,39.0452,-120.3442,Enterprise ERP,Software,16,249.52,3992.32,0.0,1756.21,4.0
2024-01-04,North America,39.3131,-122.8215,Cloud Analytics,Software,19,486.71,9247.49,25.0,1617.75,3.0
2024-01-04,Latin America,-20.7569,-44.4196,Data Connector,Software,18,971.66,17489.88,10.0,7966.62,4.0
2024-01-05,Asia Pacific,33.6735,136.1732,Data Connector,Software,16,500.91,8014.56,10.0,1716.32,4.0
2024-01-05,Asia Pacific,35.5916,139.5509,Data Connector,Services,8,913.39,7307.12,0.0,1956.05,4.0
2024-01-06,North America,35.5446,-126.1505,Cloud Analytics,Subscription,33,194.31,6412.23,0.0,2546.84,3.0
2024-01-06,Middle East,29.1061,51.772,Security Suite,Subscription,49,938.69,45995.81,20.0,22350.93,5.0
2024-01-07,Latin America,-19.998,-43.3818,Security Suite,Subscription,12,322.47,3869.64,0.0,990.08,4.0
2024-01-07,North America,34.0903,-125.3054,AI CoPilot,Subscription,11,829.0,9119.0,15.0,1721.69,4.0
2024-01-08,North America,39.4195,-122.16,Security Suite,Software,5,700.65,3503.25,5.0,1762.18,1.0
2024-01-08,North America,41.1769,-123.1306,Security Suite,Software,27,1118.52,30200.04,0.0,12089.37,4.0
2024-01-09,North America,35.2195,-123.6407,Data Connector,Software,12,495.42,5945.04,0.0,3602.06,4.0
2024-01-09,Europe,49.4002,5.5509,Enterprise ERP,Software,17,126.09,2143.53,10.0,430.8,4.0
2024-01-10,Europe,52.1805,-1.4732,Security Suite,Software,6,72.03,432.18,25.0,153.3,2.0
2024-01-10,North America,34.0465,-121.1091,Security Suite,Software,33,1000.89,33029.37,5.0,8360.31,5.0
2024-01-11,Asia Pacific,37.2556,143.3575,Cloud Analytics,Software,5,653.45,3267.25,5.0,708.87,3.0
2024-01-11,North America,36.1537,-121.9381,AI CoPilot,Software,28,941.53,26362.84,5.0,12314.85,4.0
2024-01-12,North America,41.1701,-118.9248,Cloud Analytics,Subscription,14,319.59,4474.26,10.0,1799.36,5.0
2024-01-12,Europe,52.6251,-1.2297,Data Connector,Software,5,446.85,2234.25,5.0,1119.46,4.0
2024-01-13,Europe,52.4107,1.7025,Enterprise ERP,Services,33,84.62,2792.46,20.0,680.76,5.0
2024-01-13,Asia Pacific,35.4699,137.7316,AI CoPilot,Software,48,1155.72,55474.56,10.0,18672.03,4.0
2024-01-14,North America,40.6712,-120.5728,Cloud Analytics,Subscription,41,818.05,33540.05,10.0,10647.7,4.0
2024-01-14,Europe,51.613,6.2026,Security Suite,Services,19,1123.19,21340.61,0.0,13701.63,5.0
2024-01-15,Europe,47.4094,0.4044,Security Suite,Services,22,355.32,7817.04,25.0,1736.11,3.0
2024-01-15,North America,40.4062,-121.186,AI CoPilot,Services,5,753.18,3765.9,0.0,1120.01,4.0
2024-01-16,Asia Pacific,31.9723,137.2351,Security Suite,Software,2,830.27,1660.54,0.0,543.45,5.0
2024-01-16,North America,38.5451,-121.8968,Cloud Analytics,Software,30,415.18,12455.4,10.0,4845.99,4.0
2024-01-17,North America,35.615,-122.7079,Cloud Analytics,Software,47,1025.33,48190.51,10.0,11977.52,4.0
2024-01-17,Middle East,22.1693,59.0468,Security Suite,Software,39,1139.24,44430.36,5.0,25647.99,4.0
2024-01-18,Middle East,21.8204,56.139,Security Suite,Software,4,1067.58,4270.32,5.0,1147.44,5.0
2024-01-18,Latin America,-21.9802,-47.8372,Data Connector,Services,33,899.93,29697.69,15.0,15093.01,5.0
2024-01-19,North America,36.4939,-125.5066,Enterprise ERP,Subscription,13,369.08,4798.04,0.0,967.94,4.0
2024-01-19,North America,39.573,-125.2094,AI CoPilot,Subscription,20,373.86,7477.2,15.0,3039.77,4.0
2024-01-20,Asia Pacific,32.1991,137.4528,Cloud Analytics,Services,7,1157.86,8105.02,10.0,4402.19,5.0
2024-01-20,Europe,47.3789,0.3599,AI CoPilot,Subscription,15,61.83,927.45,5.0,206.5,2.0
2024-01-21,North America,38.0908,-119.6145,Data Connector,Subscription,23,873.46,20089.58,5.0,12103.07,3.0
2024-01-21,Europe,51.1824,2.842,Cloud Analytics,Subscription,14,862.18,12070.52,0.0,4543.85,5.0
2024-01-22,North America,36.3249,-122.2323,Data Connector,Software,23,766.09,17620.07,15.0,9328.57,5.0
2024-01-22,Latin America,-22.5434,-49.7151,Data Connector,Software,19,1188.63,22583.97,10.0,9927.21,5.0
2024-01-23,North America,40.8627,-119.5383,Security Suite,Services,29,408.66,11851.14,5.0,3386.51,4.0
2024-01-23,Asia Pacific,36.6031,141.4328,AI CoPilot,Services,20,440.97,8819.4,10.0,1937.94,2.0
2024-01-24,North America,35.6386,-125.8781,AI CoPilot,Services,29,140.78,4082.62,25.0,924.31,4.0
2024-01-24,Europe,45.0518,4.0149,Security Suite,Software,24,559.22,13421.28,5.0,2505.53,3.0
2024-01-25,Europe,51.8174,2.7005,AI CoPilot,Services,18,350.21,6303.78,20.0,1119.22,3.0
2024-01-25,North America,33.9451,-125.7656,Security Suite,Software,10,444.89,4448.9,5.0,855.14,5.0
2024-01-26,Middle East,28.2024,54.9372,Cloud Analytics,Software,41,1009.76,41400.16,0.0,14964.99,2.0
2024-01-26,Asia Pacific,35.9077,139.5279,Data Connector,Software,8,1125.81,9006.48,0.0,4933.65,5.0
2024-01-27,Middle East,28.7173,52.597,Data Connector,Software,26,263.59,6853.34,5.0,1436.85,4.0
2024-01-27,Latin America,-21.1602,-43.0677,AI CoPilot,Software,29,478.39,13873.31,0.0,2984.98,4.0
2024-01-28,Europe,52.8401,5.152,Enterprise ERP,Software,10,1117.93,11179.3,0.0,5273.44,2.0
2024-01-28,Middle East,24.0105,56.623,Data Connector,Software,17,121.08,2058.36,20.0,409.35,4.0
2024-01-29,North America,39.9124,-122.721,Security Suite,Software,2,156.21,312.42,15.0,52.79,2.0
2024-01-29,North America,36.9903,-123.1253,Enterprise ERP,Subscription,6,237.21,1423.26,15.0,282.39,5.0
2024-01-30,North America,37.6139,-121.2116,Enterprise ERP,Subscription,5,734.49,3672.45,0.0,2247.05,5.0
2024-01-30,North America,38.7949,-122.0559,Data Connector,Software,28,223.04,6245.12,0.0,3501.86,4.0
2024-01-31,Europe,51.846,-1.1496,Data Connector,Software,41,1163.29,47694.89,0.0,15597.77,3.0
2024-01-31,North America,41.6476,-122.3194,Data Connector,Subscription,5,563.72,2818.6,15.0,1144.98,5.0
2024-02-01,Latin America,-21.4043,-44.1821,Security Suite,Subscription,18,626.75,11281.5,20.0,3778.29,4.0
2024-02-01,Europe,48.1987,2.0261,Enterprise ERP,Software,26,333.66,8675.16,5.0,4026.44,3.0
2024-02-02,North America,37.1458,-126.0037,AI CoPilot,Subscription,20,591.6,11832.0,0.0,5813.48,4.0
2024-02-02,Europe,50.7573,4.6424,Security Suite,Services,41,811.2,33259.2,10.0,13900.03,5.0
2024-02-03,North America,35.6851,-124.8085,Cloud Analytics,Software,49,913.85,44778.65,5.0,12040.9,1.0
2024-02-03,Latin America,-26.6667,-48.5643,Data Connector,Software,27,916.95,24757.65,5.0,3986.68,3.0
2024-02-04,North America,36.6119,-125.1017,Enterprise ERP,Software,49,714.57,35013.93,10.0,11904.91,5.0
2024-02-04,Middle East,23.5027,53.9125,Security Suite,Subscription,12,1090.01,13080.12,15.0,6620.68,3.0
2024-02-05,Asia Pacific,34.0467,141.7043,Cloud Analytics,Software,7,990.02,6930.14,0.0,3012.87,2.0
2024-02-05,North America,35.6438,-122.2643,Security Suite,Software,3,920.61,2761.83,0.0,1563.74,4.0
2024-02-06,North America,34.1116,-124.7803,Security Suite,Software,10,113.95,1139.5,25.0,551.93,5.0
2024-02-06,Latin America,-27.4075,-43.6107,AI CoPilot,Services,34,57.91,1968.94,0.0,456.42,4.0
2024-02-07,Asia Pacific,39.578,142.687,AI CoPilot,Subscription,25,294.31,7357.75,0.0,3648.63,5.0
2024-02-07,Asia Pacific,35.0984,142.6149,Security Suite,Subscription,35,813.05,28456.75,0.0,13862.61,4.0
2024-02-08,Asia Pacific,34.7508,137.5607,Cloud Analytics,Subscription,16,522.88,8366.08,0.0,5354.1,2.0
2024-02-08,North America,39.2121,-122.8095,Enterprise ERP,Software,2,512.77,1025.54,5.0,626.26,5.0
2024-02-09,Europe,46.6026,6.2321,Enterprise ERP,Services,24,1067.27,25614.48,15.0,10741.14,4.0
2024-02-09,North America,41.3746,-120.2433,Data Connector,Subscription,10,1079.9,10799.0,5.0,2788.49,3.0
2024-02-10,Latin America,-21.2597,-50.416,Data Connector,Software,38,1095.55,41630.9,5.0,21723.59,4.0
2024-02-10,Asia Pacific,32.3915,136.1719,Enterprise ERP,Subscription,22,410.96,9041.12,10.0,1656.0,4.0
2024-02-11,North America,37.1155,-122.7079,Security Suite,Subscription,26,844.71,21962.46,10.0,10680.67,2.0
2024-02-11,North America,40.8078,-119.1456,Security Suite,Subscription,43,362.38,15582.34,20.0,7543.07,1.0
2024-02-12,North America,41.3328,-122.1098,AI CoPilot,Software,39,269.2,10498.8,,2867.57,4.0
2024-02-12,North America,37.5141,-122.4369,AI CoPilot,Services,27,262.33,7082.91,0.0,3295.8,5.0
2024-02-13,Asia Pacific,36.5835,136.4941,Data Connector,Services,29,443.42,12859.18,15.0,3990.34,4.0
2024-02-13,Asia Pacific,33.0125,140.9045,Enterprise ERP,Software,47,544.45,25589.15,5.0,8967.42,5.0
2024-02-14,Latin America,-19.6212,-44.0565,Security Suite,Software,38,1005.59,38212.42,25.0,8746.41,3.0
2024-02-14,Europe,46.71,1.3956,Enterprise ERP,Software,20,187.87,3757.4,5.0,1895.65,3.0
2024-02-15,North America,41.3168,-120.2145,Cloud Analytics,Services,27,895.16,24169.32,25.0,11204.08,3.0
2024-02-15,Asia Pacific,36.8734,143.3661,Enterprise ERP,Subscription,41,661.17,27107.97,15.0,14294.55,3.0
2024-02-16,Asia Pacific,36.5381,137.2804,Cloud Analytics,Software,20,381.14,7622.8,0.0,1809.58,3.0
2024-02-16,Europe,48.9581,2.5388,AI CoPilot,Software,44,616.74,27136.56,10.0,14345.33,5.0
2024-02-17,Asia Pacific,33.5216,137.9474,AI CoPilot,Software,19,394.93,7503.67,25.0,2919.2,5.0
2024-02-17,Europe,46.2688,4.695,Data Connector,Subscription,20,735.49,14709.8,20.0,3252.85,5.0
2024-02-18,Europe,46.6205,2.9729,Enterprise ERP,Software,35,548.92,19212.2,0.0,3528.17,3.0
2024-02-18,Europe,46.3481,3.4289,Enterprise ERP,Services,47,239.07,11236.29,15.0,2712.43,5.0
2024-02-19,North America,40.0116,-120.0361,Cloud Analytics,Subscription,2,184.07,368.14,5.0,211.97,4.0
2024-02-19,North America,36.5759,-123.2516,AI CoPilot,Subscription,30,678.7,20361.0,0.0,9500.23,2.0
2024-02-20,North America,34.2376,-119.0987,Cloud Analytics,Software,34,1087.77,36984.18,5.0,17937.36,5.0
2024-02-20,Asia Pacific,39.429,139.9145,AI CoPilot,Software,22,445.55,9802.1,0.0,2730.63,4.0
2024-02-21,North America,40.8452,-125.1558,Cloud Analytics,Software,3,892.95,2678.85,15.0,1160.58,3.0
2024-02-21,Europe,52.2786,3.9194,AI CoPilot,Software,6,807.46,4844.76,5.0,755.09,4.0
2024-02-22,Latin America,-19.5912,-44.2872,Cloud Analytics,Software,15,1121.29,16819.35,15.0,4827.35,3.0
2024-02-22,North America,35.1661,-123.8853,AI CoPilot,Services,27,994.13,26841.51,0.0,12437.73,5.0
2024-02-23,Europe,48.0265,5.2096,Cloud Analytics,Software,10,701.6,7016.0,5.0,1486.66,4.0
2024-02-23,Asia Pacific,37.7421,142.8994,Enterprise ERP,Software,9,805.59,7250.31,0.0,4071.06,5.0
2024-02-24,North America,39.3431,-124.2042,Data Connector,Software,33,1083.14,35743.62,0.0,9561.98,2.0
2024-02-24,North America,35.0061,-118.5512,Cloud Analytics,Software,32,509.45,16302.4,0.0,7762.23,4.0
2024-02-25,North America,40.3016,-125.2937,Data Connector,Services,48,425.81,20438.88,0.0,7206.72,4.0
2024-02-25,North America,35.5704,-124.8033,Enterprise ERP,Software,6,62.43,374.58,,151.04,4.0
2024-02-26,Middle East,22.9953,52.7446,Enterprise ERP,Software,41,1000.53,41021.73,0.0,8357.16,4.0
2024-02-26,Latin America,-23.2547,-43.4814,AI CoPilot,Subscription,36,971.13,34960.68,5.0,5262.76,5.0
2024-02-27,Asia Pacific,36.4197,140.8846,Data Connector,Software,2,170.12,340.24,5.0,195.48,5.0
2024-02-27,Latin America,-22.9098,-49.4165,Security Suite,Software,29,713.39,20688.31,20.0,4713.87,5.0
2024-02-28,Latin America,-26.8186,-47.1107,AI CoPilot,Software,4,583.58,2334.32,20.0,1045.47,5.0
2024-02-28,North America,40.7946,-121.497,Data Connector,Software,1,186.52,186.52,5.0,115.12,5.0
2024-02-29,Latin America,-25.4257,-49.9656,Cloud Analytics,Software,19,1177.65,22375.35,5.0,5435.64,4.0
2024-02-29,Europe,45.8927,5.4115,Cloud Analytics,Software,26,296.9,7719.4,0.0,2181.39,5.0
2024-03-01,Latin America,-20.4405,-44.2045,Enterprise ERP,Subscription,25,127.32,3183.0,25.0,1149.29,4.0
2024-03-01,Latin America,-19.9053,-46.5916,Security Suite,Software,10,734.07,7340.7,0.0,4644.64,4.0
2024-03-02,North America,40.6719,-118.6824,Cloud Analytics,Subscription,15,899.7,13495.5,0.0,8204.01,4.0
2024-03-02,North America,40.251,-123.0773,Data Connector,Subscription,22,87.31,1920.82,0.0,771.09,4.0
2024-03-03,North America,39.0168,-118.5465,Data Connector,Subscription,48,807.53,38761.44,5.0,20162.82,3.0
2024-03-03,Europe,49.2635,3.6956,Cloud Analytics,Software,21,662.14,13904.94,0.0,3029.51,5.0
2024-03-04,Latin America,-26.8546,-45.5559,Data Connector,Software,22,168.75,3712.5,15.0,2015.56,4.0
2024-03-04,Latin America,-24.2829,-49.3057,Data Connector,Subscription,36,248.4,8942.4,0.0,5653.18,2.0
2024-03-05,North America,36.7564,-119.364,Enterprise ERP,Subscription,34,703.17,23907.78,10.0,4989.03,4.0
2024-03-05,Europe,46.9346,1.7721,Security Suite,Subscription,30,390.81,11724.3,0.0,3513.91,2.0
2024-03-06,Europe,50.644,-0.3499,Enterprise ERP,Software,25,1129.06,28226.5,0.0,5647.49,2.0
2024-03-06,North America,37.7419,-126.3185,Security Suite,Services,45,991.55,44619.75,20.0,10203.96,3.0
2024-03-07,North America,34.4233,-121.9414,Data Connector,Software,28,1181.1,33070.8,0.0,18452.78,4.0
2024-03-07,North America,35.5364,-122.2002,Security Suite,Software,1,348.62,348.62,15.0,100.5,4.0
2024-03-08,Middle East,26.6709,57.0256,Data Connector,Software,49,1165.18,57093.82,10.0,9978.78,5.0
2024-03-08,North America,34.3839,-119.2973,Data Connector,Software,45,545.92,24566.4,0.0,7888.58,5.0
2024-03-09,Europe,51.6663,-1.0125,Enterprise ERP,Software,4,449.65,1798.6,25.0,864.26,4.0
2024-03-09,Asia Pacific,35.6374,141.5023,Enterprise ERP,Subscription,7,107.9,755.3,0.0,351.1,4.0
2024-03-10,Europe,48.7013,-0.1485,AI CoPilot,Subscription,49,110.68,5423.32,20.0,1553.59,4.0
2024-03-10,Middle East,25.9441,58.1362,Cloud Analytics,Services,9,845.81,7612.29,0.0,1775.71,5.0
2024-03-11,Middle East,27.8022,57.8233,AI CoPilot,Software,36,576.62,20758.32,20.0,10679.55,2.0
2024-03-11,North America,36.5574,-122.093,AI CoPilot,Subscription,19,310.5,5899.5,0.0,3306.22,1.0
2024-03-12,Europe,50.2807,4.0341,Security Suite,Software,1,756.07,756.07,10.0,197.84,5.0
2024-03-12,North America,38.3008,-123.9046,Data Connector,Software,10,340.79,3407.9,15.0,535.99,4.0
2024-03-13,North America,35.9111,-122.6501,Data Connector,Software,36,714.28,25714.08,20.0,3668.12,3.0
2024-03-13,North America,40.8039,-119.8463,Data Connector,Software,9,463.09,4167.81,20.0,700.82,3.0
2024-03-14,Asia Pacific,38.0556,139.3244,Cloud Analytics,Software,45,997.09,44869.05,15.0,16795.68,5.0
2024-03-14,Europe,50.1242,1.2146,Security Suite,Software,46,993.8,45714.8,20.0,22469.07,5.0
2024-03-15,North America,40.5796,-122.4657,Security Suite,Subscription,42,598.95,25155.9,0.0,10021.4,5.0
2024-03-15,North America,40.7133,-119.7934,Data Connector,Services,32,453.44,14510.08,0.0,8292.12,4.0
2024-03-16,Latin America,-21.8836,-47.9516,AI CoPilot,Software,32,466.94,14942.08,0.0,5572.55,4.0
2024-03-16,North America,40.471,-125.0293,Cloud Analytics,Services,6,976.57,5859.42,5.0,2807.11,5.0
2024-03-17,North America,39.3547,-120.7233,AI CoPilot,Subscription,48,427.41,20515.68,5.0,10055.55,5.0
2024-03-17,Europe,50.2977,4.96,Enterprise ERP,Subscription,38,290.42,11035.96,10.0,2353.79,3.0
2024-03-18,Middle East,26.1537,52.0759,Security Suite,Subscription,17,147.39,2505.63,0.0,828.38,5.0
2024-03-18,North America,39.7966,-124.5004,Security Suite,Software,10,586.7,5867.0,10.0,2474.62,3.0
2024-03-19,Asia Pacific,32.945,136.7861,AI CoPilot,Subscription,27,604.45,16320.15,0.0,3024.91,3.0
2024-03-19,Asia Pacific,38.7232,138.4338,Cloud Analytics,Subscription,35,1017.05,35596.75,5.0,11185.62,4.0
2024-03-20,North America,40.7496,-122.8166,Security Suite,Services,21,304.42,6392.82,10.0,2401.53,4.0
2024-03-20,Asia Pacific,31.9102,141.6409,AI CoPilot,Subscription,25,488.14,12203.5,15.0,6722.85,5.0
2024-03-21,Europe,51.4631,3.5614,Cloud Analytics,Subscription,28,979.67,27430.76,15.0,9029.57,2.0
2024-03-21,Asia Pacific,32.7072,140.6177,AI CoPilot,Subscription,47,997.17,46866.99,10.0,23537.8,4.0
2024-03-22,Asia Pacific,34.3572,138.4693,Cloud Analytics,Software,15,492.3,7384.5,0.0,2702.98,5.0
2024-03-22,Europe,50.8047,5.0838,Data Connector,Software,4,577.99,2311.96,10.0,1140.67,5.0
2024-03-23,North America,35.061,-122.6491,Cloud Analytics,Software,29,398.78,11564.62,0.0,5177.57,
2024-03-23,Latin America,-21.0068,-42.8005,Enterprise ERP,Software,9,1122.44,10101.96,5.0,5693.8,4.0
2024-03-24,North America,40.432,-121.3463,Data Connector,Software,27,186.44,5033.88,5.0,1699.93,4.0
2024-03-24,North America,37.8346,-125.4093,AI CoPilot,Services,26,1123.81,29219.06,0.0,13211.46,3.0
2024-03-25,North America,33.826,-121.01,Data Connector,Subscription,19,836.45,15892.55,0.0,7390.18,5.0
2024-03-25,Europe,47.1529,0.953,Data Connector,Services,28,661.31,18516.68,25.0,4981.33,5.0
2024-03-26,Asia Pacific,36.6116,141.1409,AI CoPilot,Subscription,17,87.56,1488.52,25.0,248.01,3.0
2024-03-26,North America,41.6244,-125.8623,AI CoPilot,Subscription,43,596.94,25668.42,5.0,4798.47,
2024-03-27,Europe,49.9111,-0.2487,Enterprise ERP,Services,41,518.91,21275.31,0.0,3368.64,2.0
2024-03-27,North America,35.8533,-119.5735,AI CoPilot,Subscription,42,235.4,9886.8,0.0,5801.25,5.0
2024-03-28,Asia Pacific,36.7482,137.4677,Security Suite,Services,20,804.87,16097.4,5.0,4102.03,3.0
2024-03-28,North America,38.0948,-119.7231,Security Suite,Software,45,1166.82,52506.9,20.0,10743.05,4.0
2024-03-29,Asia Pacific,37.915,137.8845,Enterprise ERP,Software,40,696.52,27860.8,0.0,14432.39,4.0
2024-03-29,Europe,45.7124,3.4953,Cloud Analytics,Software,39,871.97,34006.83,15.0,8961.03,4.0
2024-03-30,Middle East,27.293,56.824,Cloud Analytics,Subscription,49,128.72,6307.28,0.0,2541.97,2.0
2024-03-30,North America,38.105,-122.3182,Security Suite,Subscription,23,530.32,12197.36,25.0,2115.53,3.0
2024-03-31,North America,41.4788,-123.9769,AI CoPilot,Software,47,183.81,8639.07,5.0,5169.44,5.0
2024-03-31,North America,36.5099,-124.7182,Enterprise ERP,Software,32,754.72,24151.04,15.0,11820.05,5.0
2024-04-01,Middle East,26.2658,51.5363,Cloud Analytics,Services,47,1129.25,53074.75,5.0,29339.73,5.0
2024-04-01,Latin America,-20.0943,-48.2017,Cloud Analytics,Subscription,33,811.04,26764.32,10.0,8512.34,1.0
2024-04-02,North America,34.595,-121.1941,Data Connector,Software,46,138.32,6362.72,0.0,3379.75,4.0
2024-04-02,Asia Pacific,39.174,143.1567,Security Suite,Subscription,5,457.87,2289.35,0.0,508.09,4.0
2024-04-03,Latin America,-22.0474,-43.6637,AI CoPilot,Subscription,43,683.26,29380.18,20.0,3626.91,3.0
2024-04-03,Europe,45.3993,4.4807,Enterprise ERP,Services,48,513.69,24657.12,20.0,3155.84,5.0
2024-04-04,Europe,47.2643,4.6598,Cloud Analytics,Software,34,1008.69,34295.46,20.0,12162.57,4.0
2024-04-04,North America,39.4403,-121.0995,Data Connector,Software,40,986.87,39474.8,10.0,13418.58,2.0
2024-04-05,North America,34.3137,-124.3371,Security Suite,Software,11,753.61,8289.71,15.0,2881.97,5.0
2024-04-05,Latin America,-22.8931,-43.3757,Security Suite,Software,3,479.48,1438.44,0.0,221.13,5.0
2024-04-06,Latin America,-24.7834,-45.2674,Enterprise ERP,Services,33,343.64,11340.12,5.0,3892.79,2.0
2024-04-06,Asia Pacific,36.6435,140.1338,Cloud Analytics,Software,11,171.76,1889.36,5.0,913.66,4.0
2024-04-07,North America,34.1408,-125.5315,Enterprise ERP,Services,16,458.13,7330.08,10.0,2449.8,4.0
2024-04-07,North America,40.7472,-122.843,Enterprise ERP,Software,18,525.15,9452.7,5.0,4634.7,4.0
2024-04-08,Asia Pacific,39.4641,139.3332,Data Connector,Services,30,827.2,24816.0,0.0,6613.7,3.0
2024-04-08,Latin America,-19.7995,-43.7168,Security Suite,Software,48,806.88,38730.24,10.0,19400.52,4.0
2024-04-09,Latin America,-21.5533,-46.2601,AI CoPilot,Services,10,130.62,1306.2,15.0,493.2,5.0
2024-04-09,Asia Pacific,32.7169,138.6935,Security Suite,Services,18,504.55,9081.9,5.0,2203.38,4.0
2024-04-10,Asia Pacific,37.7423,143.4647,Security Suite,Services,38,259.05,9843.9,0.0,2641.71,2.0
2024-04-10,North America,33.9716,-125.5336,Data Connector,Software,19,230.33,4376.27,0.0,2030.66,4.0
2024-04-11,North America,33.9519,-123.039,AI CoPilot,Software,36,1001.4,36050.4,0.0,20367.39,4.0
2024-04-11,Latin America,-24.9616,-50.2971,Cloud Analytics,Subscription,13,98.2,1276.6,0.0,456.79,5.0
2024-04-12,Asia Pacific,35.5853,141.5695,AI CoPilot,Software,46,532.06,24474.76,10.0,6148.92,4.0
2024-04-12,North America,39.9382,-119.0748,Cloud Analytics,Software,3,243.43,730.29,10.0,383.52,3.0
2024-04-13,North America,39.2413,-124.1791,AI CoPilot,Software,10,1061.23,10612.3,,4628.77,3.0
2024-04-13,Asia Pacific,35.2434,142.517,Enterprise ERP,Subscription,38,690.6,26242.8,5.0,9325.13,5.0
2024-04-14,North America,35.9639,-124.0817,AI CoPilot,Subscription,1,316.09,316.09,15.0,105.85,3.0
2024-04-14,North America,41.7519,-119.1332,Data Connector,Software,27,627.79,16950.33,0.0,4273.66,5.0
2024-04-15,Europe,48.2661,4.3839,Cloud Analytics,Software,46,891.21,40995.66,5.0,18047.57,3.0
2024-04-15,Asia Pacific,35.2873,142.0896,Security Suite,Software,8,1151.84,9214.72,15.0,2579.8,4.0
2024-04-16,Asia Pacific,32.9852,135.7944,Data Connector,Subscription,46,303.51,13961.46,0.0,9044.55,4.0
2024-04-16,North America,40.1334,-118.7169,Cloud Analytics,Software,42,1069.11,44902.62,0.0,17516.14,5.0
2024-04-17,Asia Pacific,37.2257,141.4637,Cloud Analytics,Software,17,1124.45,19115.65,20.0,6009.09,5.0
2024-04-17,North America,35.5411,-123.9814,Security Suite,Services,9,1103.88,9934.92,5.0,4086.03,3.0
2024-04-18,North America,34.4339,-119.7842,Enterprise ERP,Services,6,780.73,4684.38,10.0,2564.89,4.0
2024-04-18,Asia Pacific,37.1202,137.9025,Data Connector,Services,43,774.29,33294.47,0.0,18325.58,3.0
2024-04-19,Asia Pacific,36.9123,142.6323,Security Suite,Services,25,513.69,12842.25,10.0,4340.79,4.0
2024-04-19,Latin America,-25.3644,-49.7327,Security Suite,Software,39,915.26,35695.14,5.0,17272.24,4.0
2024-04-20,Asia Pacific,39.2831,141.2798,Enterprise ERP,Subscription,49,660.99,32388.51,0.0,14351.92,5.0
2024-04-20,Europe,46.0651,2.6778,Data Connector,Software,28,829.05,23213.4,10.0,8277.09,5.0
2024-04-21,North America,37.2336,-125.6471,Security Suite,Subscription,33,542.73,17910.09,0.0,4408.71,4.0
2024-04-21,Europe,52.4055,0.2874,Enterprise ERP,Software,37,891.22,32975.14,5.0,11965.68,4.0
2024-04-22,North America,37.1327,-126.3202,Data Connector,Subscription,9,998.14,8983.26,0.0,2451.62,5.0
2024-04-22,North America,38.8831,-122.6693,AI CoPilot,Subscription,18,218.4,3931.2,0.0,2387.89,5.0
2024-04-23,Middle East,24.3856,53.6809,Cloud Analytics,Software,21,1007.87,21165.27,0.0,6724.28,1.0
2024-04-23,Europe,47.0503,3.1391,Enterprise ERP,Subscription,2,671.34,1342.68,0.0,840.69,4.0
2024-04-24,Latin America,-19.6787,-48.2554,Cloud Analytics,Software,43,1021.37,43918.91,20.0,14634.75,4.0
2024-04-24,Asia Pacific,34.9509,138.0497,AI CoPilot,Software,38,546.0,20748.0,0.0,9663.84,3.0
2024-04-25,Asia Pacific,38.829,141.5958,Security Suite,Software,40,485.9,19436.0,5.0,7782.11,3.0
2024-04-25,Europe,46.6962,-1.2627,Security Suite,Software,36,1102.32,39683.52,,8519.67,1.0
2024-04-26,Europe,46.5614,5.5754,Data Connector,Software,43,338.84,14570.12,5.0,4677.23,4.0
2024-04-26,Europe,45.1057,5.1703,Enterprise ERP,Services,37,1020.84,37771.08,20.0,6030.47,3.0
2024-04-27,North America,38.9882,-121.077,Enterprise ERP,Software,15,606.62,9099.3,0.0,4199.12,2.0
2024-04-27,Asia Pacific,34.6244,140.3961,Data Connector,Software,28,641.21,17953.88,25.0,5028.48,3.0
2024-04-28,North America,40.6898,-119.281,Cloud Analytics,Software,18,404.74,7285.32,0.0,3926.73,5.0
2024-04-28,North America,37.5606,-124.9368,Security Suite,Subscription,34,709.0,24106.0,15.0,5332.25,5.0
2024-04-29,Asia Pacific,39.4217,136.2821,Security Suite,Subscription,22,423.99,9327.78,10.0,1950.02,4.0
2024-04-29,North America,35.2591,-124.5033,Enterprise ERP,Subscription,11,95.16,1046.76,20.0,295.74,4.0
2024-04-30,Middle East,28.1538,57.6274,Enterprise ERP,Subscription,13,362.8,4716.4,10.0,2603.28,5.0
2024-04-30,Middle East,27.4176,51.5482,Data Connector,Services,4,57.34,229.36,10.0,104.29,3.0
2024-05-01,Latin America,-21.3831,-45.9708,AI CoPilot,Services,22,1175.11,25852.42,0.0,9292.96,3.0
2024-05-01,Europe,51.6149,6.3157,Cloud Analytics,Subscription,7,1160.61,8124.27,0.0,3319.87,3.0
2024-05-02,North America,39.8631,-119.5738,AI CoPilot,Software,43,504.43,21690.49,20.0,3333.51,3.0
2024-05-02,Middle East,26.2146,55.4424,AI CoPilot,Subscription,24,887.63,21303.12,5.0,12998.6,4.0
2024-05-03,Europe,45.9066,-1.1387,Enterprise ERP,Subscription,4,447.68,1790.72,5.0,822.02,5.0
2024-05-03,Middle East,21.465,57.9218,Enterprise ERP,Subscription,28,821.76,23009.28,15.0,5724.63,4.0
2024-05-04,Middle East,28.5716,56.0626,Enterprise ERP,Subscription,15,976.24,14643.6,5.0,6161.43,4.0
2024-05-04,Latin America,-22.6173,-49.7138,AI CoPilot,Subscription,1,1138.77,1138.77,25.0,174.86,5.0
2024-05-05,North America,40.1472,-125.6685,Cloud Analytics,Subscription,3,510.24,1530.72,15.0,823.5,1.0
2024-05-05,Europe,48.7088,5.6292,Enterprise ERP,Software,14,950.79,13311.06,10.0,2843.95,3.0
2024-05-06,Latin America,-26.612,-45.2797,Security Suite,Software,38,355.82,13521.16,20.0,5127.39,4.0
2024-05-06,North America,34.7764,-119.7851,Cloud Analytics,Software,1,1188.88,1188.88,0.0,324.24,4.0
2024-05-07,North America,39.2594,-119.3876,Security Suite,Services,38,79.64,3026.32,0.0,1539.73,1.0
2024-05-07,Europe,48.299,2.9264,Cloud Analytics,Subscription,38,744.06,28274.28,5.0,14462.02,4.0
2024-05-08,Middle East,22.809,55.4104,Enterprise ERP,Subscription,21,808.43,16977.03,0.0,8262.89,
2024-05-08,Asia Pacific,35.609,139.0937,Data Connector,Subscription,48,841.25,40380.0,15.0,15694.18,4.0
2024-05-09,Europe,45.3703,0.8878,Enterprise ERP,Subscription,29,188.45,5465.05,20.0,2606.76,4.0
2024-05-09,North America,38.4307,-122.9426,AI CoPilot,Services,5,1129.31,5646.55,5.0,1015.52,4.0
2024-05-10,Asia Pacific,33.8281,141.8413,AI CoPilot,Subscription,49,258.36,12659.64,5.0,3793.9,2.0
2024-05-10,Middle East,27.5853,56.0862,Cloud Analytics,Subscription,10,766.17,7661.7,25.0,1575.31,4.0
2024-05-11,North America,36.2578,-119.2792,AI CoPilot,Subscription,28,306.08,8570.24,5.0,5243.33,2.0
2024-05-11,Europe,48.4984,1.8992,Enterprise ERP,Software,21,403.3,8469.3,5.0,2773.36,5.0
2024-05-12,Latin America,-27.4575,-45.7766,Security Suite,Subscription,7,678.43,4749.01,5.0,2329.35,4.0
2024-05-12,Asia Pacific,32.2558,140.7008,Enterprise ERP,Software,3,529.77,1589.31,20.0,626.01,4.0
2024-05-13,Asia Pacific,34.8161,140.3839,Cloud Analytics,Software,45,234.26,10541.7,10.0,2429.19,5.0
2024-05-13,Asia Pacific,35.5157,141.2714,AI CoPilot,Subscription,47,246.58,11589.26,15.0,2654.8,4.0
2024-05-14,Europe,49.6568,0.2517,Security Suite,Subscription,20,530.87,10617.4,15.0,2622.99,4.0
2024-05-14,North America,36.1082,-122.3205,Data Connector,Services,19,920.88,17496.72,5.0,5910.14,5.0
2024-05-15,Latin America,-21.9906,-49.7995,Security Suite,Software,35,1082.66,37893.1,5.0,9617.44,5.0
2024-05-15,Latin America,-20.6695,-47.5572,Security Suite,Software,4,146.75,587.0,15.0,79.75,4.0
2024-05-16,Latin America,-21.3117,-46.732,Enterprise ERP,Software,5,502.07,2510.35,5.0,1406.33,1.0
2024-05-16,Latin America,-27.2335,-45.4155,Data Connector,Software,1,165.28,165.28,15.0,88.9,4.0
2024-05-17,Europe,48.7007,5.9564,Cloud Analytics,Software,4,69.08,276.32,20.0,70.91,5.0
2024-05-17,Europe,45.696,3.1574,Cloud Analytics,Software,12,810.98,9731.76,10.0,2796.21,3.0
2024-05-18,Asia Pacific,33.6126,141.5991,Security Suite,Software,27,742.82,20056.14,15.0,2617.61,3.0
2024-05-18,Asia Pacific,39.5695,139.7004,Security Suite,Software,42,237.47,9973.74,15.0,4155.13,5.0
2024-05-19,Asia Pacific,32.8162,140.7231,AI CoPilot,Software,23,318.88,7334.24,15.0,3508.05,1.0
2024-05-19,Asia Pacific,35.6673,136.2178,Data Connector,Subscription,25,77.26,1931.5,5.0,409.75,5.0
2024-05-20,Latin America,-22.6053,-48.5982,Security Suite,Software,21,1010.19,21213.99,0.0,4875.68,4.0
2024-05-20,North America,39.3946,-123.5246,AI CoPilot,Subscription,24,1170.89,28101.36,5.0,14550.59,4.0
2024-05-21,Europe,49.3338,2.1321,Data Connector,Subscription,25,205.78,5144.5,10.0,2121.24,1.0
2024-05-21,North America,33.8531,-126.0542,Cloud Analytics,Software,45,316.2,14229.0,5.0,2330.83,5.0
2024-05-22,Europe,47.4683,-0.5276,AI CoPilot,Services,46,1048.67,48238.82,15.0,18913.6,4.0
2024-05-22,North America,37.9166,-124.2049,Data Connector,Subscription,32,1115.43,35693.76,5.0,10323.92,4.0
2024-05-23,Europe,45.5595,6.1245,AI CoPilot,Subscription,32,532.57,17042.24,10.0,5128.46,4.0
2024-05-23,Europe,47.6616,1.003,Security Suite,Software,5,108.22,541.1,0.0,289.42,5.0
2024-05-24,North America,34.0405,-122.5631,Enterprise ERP,Subscription,36,95.3,3430.8,15.0,1619.84,5.0
2024-05-24,Europe,45.4852,-0.079,Cloud Analytics,Subscription,46,710.04,32661.84,10.0,10293.72,4.0
2024-05-25,North America,36.9503,-121.5332,Security Suite,Software,42,501.83,21076.86,,13143.03,4.0
2024-05-25,North America,34.8366,-124.1739,Security Suite,Software,49,82.95,4064.55,0.0,1435.73,5.0
2024-05-26,Latin America,-23.0102,-48.9774,Data Connector,Software,42,720.74,30271.08,15.0,13789.39,4.0
2024-05-26,Europe,50.3723,2.4848,AI CoPilot,Subscription,39,63.0,2457.0,5.0,914.84,3.0
2024-05-27,North America,40.1796,-126.3754,Cloud Analytics,Software,16,955.48,15287.68,0.0,9153.75,2.0
2024-05-27,Europe,46.4578,-1.5865,Security Suite,Subscription,33,402.4,13279.2,25.0,6014.29,5.0
2024-05-28,Asia Pacific,33.0161,137.4029,Data Connector,Software,49,96.3,4718.7,15.0,776.94,4.0
2024-05-28,North America,34.6114,-126.1256,Cloud Analytics,Subscription,21,726.61,15258.81,25.0,7075.28,4.0
2024-05-29,Asia Pacific,36.7676,136.5145,AI CoPilot,Software,9,507.34,4566.06,5.0,2441.15,4.0
2024-05-29,North America,39.4267,-123.7085,Security Suite,Software,6,1169.87,7019.22,5.0,3638.57,3.0
2024-05-30,North America,34.0276,-119.9987,Security Suite,Subscription,45,675.83,30412.35,20.0,6093.56,4.0
2024-05-30,Europe,52.3463,2.9286,Security Suite,Software,35,366.53,12828.55,10.0,6379.68,2.0
2024-05-31,Europe,45.2724,2.4535,Cloud Analytics,Software,39,865.85,33768.15,,16506.09,4.0
2024-05-31,Asia Pacific,36.0066,137.9982,Cloud Analytics,Software,22,362.22,7968.84,0.0,2347.42,4.0
2024-06-01,Asia Pacific,37.3487,143.1043,Cloud Analytics,Subscription,41,1089.88,44685.08,5.0,26579.74,4.0
2024-06-01,Middle East,28.1726,54.4469,Cloud Analytics,Services,5,480.93,2404.65,0.0,420.65,5.0
2024-06-02,Europe,50.5693,-0.9511,Data Connector,Subscription,42,682.35,28658.7,0.0,6446.91,5.0
2024-06-02,North America,40.1887,-121.4829,Enterprise ERP,Software,23,108.16,2487.68,,1041.82,5.0
2024-06-03,Asia Pacific,34.3918,136.561,Data Connector,Software,17,540.04,9180.68,0.0,4020.19,1.0
2024-06-03,North America,40.2935,-123.6576,Security Suite,Subscription,12,1007.22,12086.64,25.0,4283.88,3.0
2024-06-04,Europe,45.4975,2.4115,Data Connector,Subscription,23,976.5,22459.5,0.0,3559.48,4.0
2024-06-04,North America,40.9334,-119.4256,AI CoPilot,Software,16,307.97,4927.52,,2794.72,5.0
2024-06-05,North America,38.1556,-122.471,Cloud Analytics,Software,3,309.99,929.97,15.0,136.19,5.0
2024-06-05,Middle East,27.7432,56.8889,AI CoPilot,Software,30,989.9,29697.0,10.0,5920.92,5.0
2024-06-06,Latin America,-23.932,-42.6908,AI CoPilot,Subscription,22,1119.96,24639.12,0.0,3868.52,4.0
2024-06-06,Asia Pacific,36.8248,136.7022,Security Suite,Software,9,159.67,1437.03,15.0,529.42,4.0
2024-06-07,Europe,49.0678,0.5501,Cloud Analytics,Subscription,29,567.57,16459.53,10.0,9127.14,4.0
2024-06-07,North America,39.6276,-123.2628,AI CoPilot,Software,47,438.07,20589.29,15.0,8452.47,3.0
2024-06-08,North America,34.4279,-123.0448,Security Suite,Software,37,1051.29,38897.73,15.0,18559.25,1.0
2024-06-08,North America,34.2577,-123.1312,Cloud Analytics,Software,23,146.05,3359.15,25.0,394.63,5.0
2024-06-09,Europe,46.8334,5.6131,Enterprise ERP,Software,13,292.79,3806.27,10.0,1442.22,3.0
2024-06-09,Asia Pacific,32.9526,141.3626,Security Suite,Software,32,915.34,29290.88,5.0,10567.93,3.0
2024-06-10,Asia Pacific,38.6505,140.5135,Data Connector,Software,46,108.99,5013.54,10.0,1802.55,2.0
2024-06-10,North America,35.5286,-123.9444,Cloud Analytics,Software,47,616.42,28971.74,0.0,5391.83,5.0
2024-06-11,Middle East,29.0117,57.8611,AI CoPilot,Software,48,558.42,26804.16,20.0,10554.79,4.0
2024-06-11,Asia Pacific,34.3714,143.2908,AI CoPilot,Software,23,434.56,9994.88,,4014.05,4.0
2024-06-12,Europe,46.3135,4.9218,Data Connector,Services,45,503.76,22669.2,5.0,11469.38,5.0
2024-06-12,Asia Pacific,37.9938,135.6628,Data Connector,Subscription,17,659.43,11210.31,15.0,3741.42,4.0
2024-06-13,Europe,50.1263,3.4434,AI CoPilot,Subscription,40,235.57,9422.8,10.0,1905.49,4.0
2024-06-13,North America,37.7605,-126.0103,Cloud Analytics,Software,21,707.8,14863.8,5.0,6694.98,1.0
2024-06-14,Europe,49.2995,0.4131,Security Suite,Software,2,976.25,1952.5,5.0,438.11,3.0
2024-06-14,Asia Pacific,37.4298,136.1265,Data Connector,Software,37,924.19,34195.03,20.0,16036.03,5.0
2024-06-15,North America,35.6025,-121.589,Data Connector,Subscription,6,226.98,1361.88,5.0,590.69,5.0
2024-06-15,North America,41.7456,-120.9267,Data Connector,Software,44,221.64,9752.16,20.0,1783.49,4.0
2024-06-16,North America,41.5732,-125.5035,Enterprise ERP,Software,18,358.4,6451.2,0.0,4071.8,4.0
2024-06-16,North America,38.9775,-123.3487,Cloud Analytics,Subscription,30,465.24,13957.2,15.0,4854.39,4.0
2024-06-17,Latin America,-25.9542,-46.9834,Cloud Analytics,Software,22,519.72,11433.84,15.0,1812.06,1.0
2024-06-17,Asia Pacific,37.118,138.6027,Cloud Analytics,Software,33,831.65,27444.45,0.0,12718.21,3.0
2024-06-18,Europe,45.4342,-0.6796,Cloud Analytics,Software,30,115.18,3455.4,5.0,907.97,3.0
2024-06-18,North America,34.0201,-123.0678,Cloud Analytics,Subscription,17,89.87,1527.79,0.0,843.11,3.0
2024-06-19,Europe,46.9181,4.3616,AI CoPilot,Subscription,43,500.7,21530.1,15.0,10228.4,5.0
2024-06-19,Europe,48.5576,-1.0797,Data Connector,Software,32,851.74,27255.68,10.0,15686.36,3.0
2024-06-20,North America,40.7211,-125.778,AI CoPilot,Software,42,272.45,11442.9,10.0,4129.07,3.0
2024-06-20,Europe,50.674,1.1904,Enterprise ERP,Subscription,14,787.73,11028.22,0.0,4162.92,4.0
2024-06-21,Europe,50.7983,5.886,Security Suite,Software,10,348.8,3488.0,0.0,1837.26,5.0
2024-06-21,Asia Pacific,35.0801,140.9989,Data Connector,Subscription,47,1069.0,50243.0,0.0,10864.31,3.0
2024-06-22,Asia Pacific,34.4437,141.0797,Enterprise ERP,Subscription,36,1080.04,38881.44,5.0,15641.41,2.0
2024-06-22,North America,36.7432,-123.524,AI CoPilot,Software,34,391.88,13323.92,10.0,5073.9,4.0
2024-06-23,Europe,52.7578,3.1015,Security Suite,Software,9,314.49,2830.41,20.0,440.95,5.0
2024-06-23,Asia Pacific,31.9971,135.7313,Enterprise ERP,Subscription,42,523.0,21966.0,10.0,7097.06,4.0
2024-06-24,Europe,51.7929,3.441,Security Suite,Software,28,326.61,9145.08,5.0,5009.77,5.0
2024-06-24,Latin America,-22.9211,-43.327,Enterprise ERP,Software,11,823.24,9055.64,25.0,3926.14,5.0
2024-06-25,Asia Pacific,35.1851,140.5509,AI CoPilot,Subscription,14,999.97,13999.58,15.0,2375.39,5.0
2024-06-25,North America,39.577,-119.4298,Security Suite,Software,39,824.06,32138.34,20.0,5022.85,4.0
2024-06-26,North America,37.6683,-120.6276,Enterprise ERP,Software,47,998.0,46906.0,10.0,11877.21,4.0
2024-06-26,Asia Pacific,38.6636,136.6148,AI CoPilot,Software,19,506.54,9624.26,0.0,5653.13,1.0
2024-06-27,North America,40.9805,-119.1998,Data Connector,Subscription,15,229.76,3446.4,0.0,739.08,5.0
2024-06-27,Europe,48.2304,-1.1162,AI CoPilot,Software,28,898.64,25161.92,15.0,10907.66,4.0
2024-06-28,Middle East,23.4194,55.5425,AI CoPilot,Services,24,464.55,11149.2,0.0,2236.34,3.0
2024-06-28,Europe,49.5954,-0.5107,Data Connector,Subscription,8,821.96,6575.68,5.0,2883.37,4.0
2024-06-29,Europe,52.1555,-1.5541,AI CoPilot,Software,43,361.24,15533.32,10.0,4585.91,3.0
2024-06-29,Asia Pacific,33.3615,139.0266,Data Connector,Software,9,143.41,1290.69,10.0,632.45,4.0
2024-06-30,Europe,49.8403,0.7125,Data Connector,Software,47,1191.47,55999.09,10.0,13448.78,4.0
2024-06-30,Europe,49.9091,2.2402,Data Connector,Subscription,33,229.63,7577.79,0.0,3558.54,4.0
2024-07-01,Middle East,27.0697,55.8884,Enterprise ERP,Subscription,33,1186.68,39160.44,5.0,9964.34,5.0
2024-07-01,Europe,45.9091,-1.2979,Security Suite,Subscription,19,1173.87,22303.53,10.0,10173.69,3.0
2024-07-02,Middle East,26.9314,52.2548,Enterprise ERP,Software,3,962.89,2888.67,25.0,1271.39,4.0
2024-07-02,Latin America,-20.2782,-46.1642,Data Connector,Subscription,10,808.34,8083.4,15.0,1466.25,4.0
2024-07-03,North America,35.2124,-123.6741,Security Suite,Software,40,714.48,28579.2,20.0,13336.15,4.0
2024-07-03,North America,35.6752,-120.586,Security Suite,Subscription,47,1046.02,49162.94,15.0,18670.58,5.0
2024-07-04,North America,41.5461,-121.2011,Data Connector,Subscription,42,382.86,16080.12,10.0,3090.59,4.0
2024-07-04,North America,35.2227,-119.6546,Security Suite,Software,1,587.83,587.83,0.0,213.84,4.0
2024-07-05,North America,40.61,-120.8795,Security Suite,Software,29,762.3,22106.7,10.0,4584.65,3.0
2024-07-05,Asia Pacific,35.6144,139.0897,Enterprise ERP,Subscription,34,522.87,17777.58,10.0,8002.69,5.0
2024-07-06,North America,35.7527,-121.0357,Security Suite,Subscription,13,541.61,7040.93,10.0,3354.94,4.0
2024-07-06,North America,40.7409,-124.2164,Data Connector,Software,1,429.83,429.83,5.0,82.85,5.0
2024-07-07,Latin America,-23.9881,-48.1828,Cloud Analytics,Software,34,698.87,23761.58,10.0,8619.82,1.0
2024-07-07,North America,37.8934,-120.1075,Cloud Analytics,Subscription,29,1028.16,29816.64,5.0,15786.33,3.0
2024-07-08,Latin America,-24.6766,-47.0619,Cloud Analytics,Software,48,281.76,13524.48,10.0,7523.31,4.0
2024-07-08,North America,38.5185,-120.0324,Data Connector,Software,47,1124.6,52856.2,0.0,21499.73,
2024-07-09,North America,35.0831,-119.84,Cloud Analytics,Software,13,842.45,10951.85,15.0,5819.47,4.0
2024-07-09,Asia Pacific,34.8049,142.5108,Enterprise ERP,Software,48,996.76,47844.48,0.0,19991.55,5.0
2024-07-10,Asia Pacific,39.4315,142.9834,Data Connector,Subscription,49,689.62,33791.38,0.0,11728.83,4.0
2024-07-10,Latin America,-25.4854,-47.1854,Data Connector,Services,29,946.44,27446.76,5.0,14969.37,4.0
2024-07-11,Asia Pacific,36.9301,138.2012,Data Connector,Subscription,39,68.63,2676.57,10.0,955.11,2.0
2024-07-11,Latin America,-24.949,-45.9757,Security Suite,Software,24,991.14,23787.36,5.0,8721.72,5.0
2024-07-12,North America,39.9627,-123.45,Security Suite,Subscription,26,96.16,2500.16,0.0,987.95,3.0
2024-07-12,North America,34.8219,-121.6108,Security Suite,Software,17,1073.4,18247.8,,9416.84,5.0
2024-07-13,Asia Pacific,39.4348,141.295,AI CoPilot,Software,7,1190.76,8335.32,5.0,4481.67,5.0
2024-07-13,Latin America,-23.9202,-45.1261,Enterprise ERP,Services,13,388.18,5046.34,20.0,1420.08,5.0
2024-07-14,Middle East,23.0932,54.2672,Data Connector,Software,5,291.87,1459.35,20.0,369.68,4.0
2024-07-14,Europe,45.4446,-0.3129,Data Connector,Services,26,930.17,24184.42,10.0,8618.54,4.0
2024-07-15,Europe,46.2147,1.7964,Security Suite,Software,49,340.98,16708.02,5.0,6926.59,5.0
2024-07-15,Asia Pacific,35.8344,136.7911,Data Connector,Subscription,3,1045.4,3136.2,15.0,717.54,3.0
2024-07-16,North America,36.4709,-119.2986,Data Connector,Software,7,168.27,1177.89,0.0,644.28,
2024-07-16,Middle East,27.8359,54.0378,Cloud Analytics,Software,49,194.85,9547.65,,3566.8,1.0
2024-07-17,Latin America,-24.1034,-49.3976,Data Connector,Software,39,1176.02,45864.78,5.0,13813.17,4.0
2024-07-17,Europe,46.8463,-1.4442,AI CoPilot,Subscription,1,824.91,824.91,20.0,134.24,3.0
2024-07-18,Asia Pacific,36.6134,140.8169,Security Suite,Subscription,49,1023.92,50172.08,0.0,13517.49,3.0
2024-07-18,Asia Pacific,37.3304,140.7455,Enterprise ERP,Subscription,17,422.98,7190.66,10.0,4042.42,4.0
2024-07-19,North America,35.1112,-123.6946,Enterprise ERP,Subscription,43,827.96,35602.28,15.0,9155.74,4.0
2024-07-19,Latin America,-26.2095,-50.0596,Cloud Analytics,Subscription,25,733.38,18334.5,5.0,4083.24,4.0
2024-07-20,Europe,45.15,1.6292,Enterprise ERP,Software,3,743.62,2230.86,0.0,848.48,2.0
2024-07-20,Latin America,-21.6593,-48.1436,Enterprise ERP,Software,15,834.91,12523.65,25.0,2851.11,4.0
2024-07-21,North America,39.0853,-121.0024,Security Suite,Subscription,29,711.66,20638.14,10.0,3112.68,3.0
2024-07-21,Latin America,-23.7535,-45.7871,Security Suite,Subscription,43,543.42,23367.06,10.0,6552.48,4.0
2024-07-22,Europe,51.61,1.2689,AI CoPilot,Subscription,32,367.31,11753.92,0.0,4960.79,4.0
2024-07-22,North America,40.2203,-124.6763,Cloud Analytics,Software,26,933.87,24280.62,5.0,9823.05,4.0
2024-07-23,Latin America,-22.8677,-42.729,Enterprise ERP,Software,16,310.21,4963.36,5.0,1547.9,5.0
2024-07-23,North America,40.7211,-122.7874,AI CoPilot,Services,25,846.21,21155.25,0.0,7904.69,
2024-07-24,North America,35.4216,-120.9132,Cloud Analytics,Subscription,28,318.33,8913.24,0.0,5639.93,5.0
2024-07-24,Middle East,22.1002,52.3952,Enterprise ERP,Software,9,769.13,6922.17,15.0,1992.71,4.0
2024-07-25,Middle East,23.3628,55.1555,Enterprise ERP,Subscription,1,909.14,909.14,0.0,253.75,4.0
2024-07-25,Europe,45.3133,-1.4275,Security Suite,Services,29,301.52,8744.08,0.0,2376.06,4.0
2024-07-26,Asia Pacific,35.9256,139.6939,Data Connector,Software,22,118.93,2616.46,10.0,892.2,1.0
2024-07-26,Europe,52.3494,6.0643,Cloud Analytics,Subscription,16,200.62,3209.92,15.0,1445.41,4.0
2024-07-27,North America,34.0896,-123.3457,Enterprise ERP,Services,41,746.9,30622.9,0.0,7747.41,4.0
2024-07-27,North America,34.7518,-126.1074,Cloud Analytics,Services,44,1026.86,45181.84,10.0,20520.84,4.0
2024-07-28,Asia Pacific,35.2938,135.8979,AI CoPilot,Services,41,101.75,4171.75,0.0,669.88,2.0
2024-07-28,Asia Pacific,39.1472,138.7542,AI CoPilot,Subscription,7,894.27,6259.89,0.0,2250.22,2.0
2024-07-29,Asia Pacific,34.2054,136.9305,Data Connector,Software,14,442.52,6195.28,0.0,3332.64,5.0
2024-07-29,Asia Pacific,35.7341,135.8371,Enterprise ERP,Software,29,600.31,17408.99,15.0,4725.87,4.0
2024-07-30,North America,34.1075,-120.3697,Security Suite,Software,19,1118.19,21245.61,0.0,9175.31,2.0
2024-07-30,Europe,46.0433,2.0204,Enterprise ERP,Software,19,431.77,8203.63,0.0,2071.33,4.0
2024-07-31,North America,41.6679,-124.1054,Cloud Analytics,Software,2,585.14,1170.28,5.0,579.23,4.0
2024-07-31,Europe,52.5775,5.5529,AI CoPilot,Software,41,65.73,2694.93,15.0,403.48,5.0
2024-08-01,Europe,44.8961,-0.7187,Cloud Analytics,Software,45,143.84,6472.8,0.0,3730.09,1.0
2024-08-01,Latin America,-19.936,-42.9859,Data Connector,Software,15,347.38,5210.7,5.0,1233.08,3.0
2024-08-02,Europe,49.9696,0.8639,AI CoPilot,Subscription,3,82.03,246.09,0.0,144.5,5.0
2024-08-02,North America,40.7182,-119.3122,Security Suite,Software,11,776.08,8536.88,5.0,2646.02,1.0
2024-08-03,North America,37.4128,-121.5959,AI CoPilot,Subscription,46,540.36,24856.56,10.0,11439.18,3.0
2024-08-03,Asia Pacific,35.801,142.264,Enterprise ERP,Subscription,30,680.37,20411.1,10.0,5687.58,5.0
2024-08-04,Asia Pacific,35.587,143.5224,Enterprise ERP,Software,40,250.84,10033.6,5.0,5747.33,4.0
2024-08-04,North America,39.1098,-124.1122,AI CoPilot,Services,18,390.32,7025.76,5.0,1423.79,3.0
2024-08-05,North America,34.8921,-118.7303,Data Connector,Subscription,48,813.4,39043.2,0.0,9341.47,2.0
2024-08-05,Asia Pacific,31.916,138.7662,Enterprise ERP,Software,2,1160.1,2320.2,5.0,873.99,1.0
2024-08-06,North America,36.2383,-123.3353,Enterprise ERP,Software,32,107.98,3455.36,0.0,659.87,3.0
2024-08-06,Latin America,-21.9131,-47.9102,Security Suite,Software,8,1073.94,8591.52,15.0,1811.02,5.0
2024-08-07,Asia Pacific,33.291,139.9816,AI CoPilot,Software,22,713.41,15695.02,25.0,7320.35,4.0
2024-08-07,North America,39.1624,-125.1862,Enterprise ERP,Software,6,698.51,4191.06,25.0,2006.19,5.0
2024-08-08,North America,41.5342,-121.9897,Data Connector,Subscription,12,625.32,7503.84,20.0,2029.82,5.0
2024-08-08,Middle East,21.956,55.6044,Cloud Analytics,Services,47,129.8,6100.6,10.0,3358.25,4.0
2024-08-09,Europe,50.2374,4.4474,AI CoPilot,Subscription,40,153.36,6134.4,15.0,2202.56,3.0
2024-08-09,Europe,48.4066,5.0214,Security Suite,Software,36,741.05,26677.8,0.0,7599.74,4.0
2024-08-10,Latin America,-20.6054,-47.1098,Enterprise ERP,Software,15,442.1,6631.5,10.0,2991.33,
2024-08-10,Middle East,22.622,53.6895,Data Connector,Software,28,1104.86,30936.08,5.0,14090.71,5.0
2024-08-11,Middle East,26.7458,53.3455,AI CoPilot,Software,49,517.58,25361.42,5.0,15529.67,2.0
2024-08-11,Asia Pacific,38.3811,137.2073,Data Connector,Software,45,214.77,9664.65,15.0,2320.92,4.0
2024-08-12,Europe,52.4135,-1.1866,Data Connector,Subscription,18,871.93,15694.74,0.0,7628.11,4.0
2024-08-12,North America,39.2409,-123.6798,Security Suite,Software,2,387.36,774.72,5.0,129.54,5.0
2024-08-13,Asia Pacific,35.6536,137.8123,AI CoPilot,Subscription,13,654.29,8505.77,20.0,1407.35,2.0
2024-08-13,Europe,49.7994,6.0835,Enterprise ERP,Software,45,852.51,38362.95,0.0,5829.6,4.0
2024-08-14,Europe,51.8078,2.8139,Security Suite,Services,15,1085.3,16279.5,5.0,10048.42,5.0
2024-08-14,Latin America,-22.9856,-47.8551,Enterprise ERP,Subscription,20,961.02,19220.4,20.0,8474.46,4.0
2024-08-15,North America,34.018,-121.7757,Cloud Analytics,Subscription,29,827.82,24006.78,10.0,11739.92,4.0
2024-08-15,Europe,52.3042,-0.5342,Data Connector,Software,42,831.58,34926.36,10.0,12726.35,2.0
2024-08-16,North America,39.2911,-122.8671,Cloud Analytics,Services,29,1137.81,32996.49,0.0,9900.05,3.0
2024-08-16,Europe,50.2687,3.3621,Data Connector,Subscription,3,390.2,1170.6,5.0,250.92,4.0
2024-08-17,North America,35.5003,-122.5082,Security Suite,Subscription,19,51.28,974.32,20.0,227.86,5.0
2024-08-17,North America,39.046,-123.2052,Enterprise ERP,Subscription,3,362.75,1088.25,10.0,331.03,3.0
2024-08-18,North America,36.9258,-118.4686,Enterprise ERP,Subscription,14,300.58,4208.12,10.0,2000.29,4.0
2024-08-18,Asia Pacific,36.8861,142.6928,Security Suite,Software,40,811.11,32444.4,0.0,13621.16,4.0
2024-08-19,Asia Pacific,32.5289,140.6375,AI CoPilot,Subscription,4,778.77,3115.08,0.0,587.95,3.0
2024-08-19,Europe,50.1194,2.9072,Cloud Analytics,Subscription,11,732.48,8057.28,25.0,960.92,4.0
2024-08-20,Middle East,29.2001,56.2361,Cloud Analytics,Software,31,68.68,2129.08,5.0,406.88,5.0
2024-08-20,Europe,45.2423,-0.0373,Enterprise ERP,Software,43,888.09,38187.87,10.0,12209.59,5.0
2024-08-21,North America,41.5923,-123.2583,Enterprise ERP,Software,32,422.06,13505.92,0.0,8327.7,4.0
2024-08-21,Latin America,-24.2952,-50.3176,Enterprise ERP,Subscription,27,814.81,21999.87,10.0,9280.23,4.0
2024-08-22,North America,40.7409,-122.615,Security Suite,Software,30,690.07,20702.1,20.0,9124.04,2.0
2024-08-22,Middle East,27.4639,55.615,AI CoPilot,Software,43,444.14,19098.02,10.0,6586.31,5.0
2024-08-23,North America,38.311,-124.5974,Cloud Analytics,Software,2,204.76,409.52,0.0,135.48,3.0
2024-08-23,Middle East,27.1124,58.983,Data Connector,Subscription,49,158.58,7770.42,10.0,1428.05,5.0
2024-08-24,North America,40.803,-119.1438,Security Suite,Software,9,1006.25,9056.25,15.0,4526.06,3.0
2024-08-24,Latin America,-24.3174,-44.8562,Cloud Analytics,Subscription,28,1106.16,30972.48,5.0,15935.37,5.0
2024-08-25,Europe,47.4729,2.6193,AI CoPilot,Software,31,797.26,24715.06,20.0,4627.83,5.0
2024-08-25,Middle East,26.5455,58.2306,Security Suite,Subscription,34,168.95,5744.3,10.0,2099.64,5.0
2024-08-26,North America,40.2377,-125.3742,Cloud Analytics,Services,15,512.33,7684.95,20.0,2420.37,
2024-08-26,Europe,50.9549,4.6763,Security Suite,Software,48,888.28,42637.44,10.0,17749.59,4.0
2024-08-27,Middle East,27.5873,52.2694,Cloud Analytics,Software,25,946.79,23669.75,0.0,14748.47,4.0
2024-08-27,Europe,48.3413,4.7059,Cloud Analytics,Subscription,36,185.95,6694.2,5.0,2797.45,5.0
2024-08-28,Asia Pacific,38.2189,137.8564,AI CoPilot,Software,8,50.04,400.32,0.0,168.18,2.0
2024-08-28,Asia Pacific,32.6379,142.667,Data Connector,Software,9,868.96,7820.64,20.0,1095.9,5.0
2024-08-29,Europe,49.2125,5.9045,AI CoPilot,Subscription,37,460.09,17023.33,15.0,2625.6,5.0
2024-08-29,Asia Pacific,31.7223,136.8407,Cloud Analytics,Services,48,342.65,16447.2,10.0,3606.97,3.0
2024-08-30,Europe,47.4533,2.0536,Security Suite,Subscription,45,64.83,2917.35,5.0,460.72,5.0
2024-08-30,Latin America,-24.6188,-42.7854,AI CoPilot,Software,39,671.34,26182.26,0.0,13658.67,4.0
2024-08-31,North America,36.9443,-122.5521,Data Connector,Software,32,1028.82,32922.24,15.0,14318.39,4.0
2024-08-31,North America,39.3386,-119.511,Cloud Analytics,Software,17,1151.28,19571.76,5.0,4053.83,4.0
2024-09-01,Middle East,24.3133,55.9807,AI CoPilot,Subscription,35,700.61,24521.35,,13929.09,4.0
2024-09-01,Latin America,-23.961,-47.6307,AI CoPilot,Subscription,37,641.63,23740.31,10.0,4858.54,5.0
2024-09-02,Europe,46.757,0.6385,AI CoPilot,Services,19,147.81,2808.39,0.0,844.17,4.0
2024-09-02,Asia Pacific,34.6622,137.2761,AI CoPilot,Software,44,681.2,29972.8,5.0,7815.83,4.0
2024-09-03,North America,35.5931,-120.325,Security Suite,Subscription,29,486.98,14122.42,5.0,4509.94,4.0
2024-09-03,North America,34.3605,-123.3271,Data Connector,Software,7,748.21,5237.47,0.0,1452.52,5.0
2024-09-04,Europe,49.6842,2.4424,Data Connector,Software,28,497.04,13917.12,25.0,4117.47,2.0
2024-09-04,Europe,50.2023,2.2908,Cloud Analytics,Subscription,9,326.34,2937.06,,1038.85,5.0
2024-09-05,Europe,49.8125,2.9704,Enterprise ERP,Software,28,159.21,4457.88,0.0,2867.69,4.0
2024-09-05,North America,37.4829,-119.4948,Security Suite,Subscription,6,412.16,2472.96,0.0,440.1,3.0
2024-09-06,Middle East,24.2431,59.1167,Cloud Analytics,Subscription,29,161.14,4673.06,15.0,878.19,3.0
2024-09-06,Middle East,28.1115,54.5315,Cloud Analytics,Services,17,253.43,4308.31,5.0,722.04,4.0
2024-09-07,Asia Pacific,35.8289,142.2705,AI CoPilot,Subscription,16,1185.44,18967.04,10.0,7902.21,5.0
2024-09-07,Europe,48.6901,4.4684,Enterprise ERP,Subscription,23,560.72,12896.56,0.0,2285.98,4.0
2024-09-08,North America,33.98,-121.8312,Enterprise ERP,Subscription,31,661.65,20511.15,0.0,11654.84,5.0
2024-09-08,Latin America,-24.8205,-42.9849,Security Suite,Software,3,1054.66,3163.98,5.0,1220.25,2.0
2024-09-09,Asia Pacific,34.7178,137.2541,Enterprise ERP,Software,21,1194.9,25092.9,15.0,8819.61,4.0
2024-09-09,North America,36.9655,-125.5453,Cloud Analytics,Subscription,26,720.12,18723.12,20.0,6452.69,5.0
2024-09-10,Latin America,-22.9091,-43.8016,Enterprise ERP,Subscription,36,984.34,35436.24,0.0,8341.93,5.0
2024-09-10,Latin America,-23.2817,-47.1201,Enterprise ERP,Subscription,42,425.98,17891.16,10.0,4006.92,3.0
2024-09-11,Middle East,26.068,58.0466,Data Connector,Software,37,401.61,14859.57,20.0,3678.14,4.0
2024-09-11,Asia Pacific,37.7953,142.795,Cloud Analytics,Software,22,513.11,11288.42,5.0,4790.93,3.0
2024-09-12,Asia Pacific,38.1801,136.15,Enterprise ERP,Software,42,823.38,34581.96,15.0,7497.37,4.0
2024-09-12,Europe,50.6016,5.4199,Enterprise ERP,Subscription,12,834.52,10014.24,0.0,2084.62,5.0
2024-09-13,Middle East,28.849,54.8574,AI CoPilot,Subscription,42,412.53,17326.26,20.0,8802.55,5.0
2024-09-13,Latin America,-27.4046,-46.5498,Enterprise ERP,Subscription,13,203.19,2641.47,15.0,361.46,3.0
2024-09-14,North America,35.3411,-121.4067,Enterprise ERP,Software,11,777.26,8549.86,20.0,3771.16,5.0
2024-09-14,North America,33.8354,-119.0083,Data Connector,Software,16,197.57,3161.12,10.0,1547.73,4.0
2024-09-15,Europe,50.0364,-1.4949,Cloud Analytics,Subscription,8,715.27,5722.16,5.0,1623.24,4.0
2024-09-15,Latin America,-20.3663,-46.8186,Security Suite,Subscription,40,847.44,33897.6,20.0,5906.68,4.0
2024-09-16,Middle East,23.1527,56.7726,Cloud Analytics,Software,40,855.7,34228.0,0.0,7626.49,4.0
2024-09-16,North America,41.1912,-120.6377,AI CoPilot,Subscription,45,916.49,41242.05,5.0,19539.66,4.0
2024-09-17,Europe,45.3387,3.8925,Cloud Analytics,Software,2,1053.79,2107.58,15.0,844.49,4.0
2024-09-17,Europe,52.3321,-0.5723,Enterprise ERP,Subscription,30,624.95,18748.5,15.0,8627.44,4.0
2024-09-18,Middle East,24.0178,53.666,AI CoPilot,Subscription,30,889.79,26693.7,20.0,13213.18,3.0
2024-09-18,Latin America,-26.7391,-47.7636,Cloud Analytics,Subscription,12,762.05,9144.6,0.0,4535.39,5.0
2024-09-19,Latin America,-23.6635,-44.1978,AI CoPilot,Subscription,10,264.64,2646.4,15.0,512.71,4.0
2024-09-19,Europe,46.9108,0.5823,Security Suite,Software,44,79.54,3499.76,15.0,808.32,3.0
2024-09-20,Europe,47.1356,0.0378,Cloud Analytics,Subscription,11,377.22,4149.42,0.0,2369.72,5.0
2024-09-20,North America,36.2332,-118.7598,Enterprise ERP,Subscription,15,559.49,8392.35,5.0,2030.28,5.0
2024-09-21,North America,40.1991,-126.3485,AI CoPilot,Subscription,16,759.67,12154.72,0.0,2263.95,5.0
2024-09-21,Latin America,-23.2372,-42.6507,Data Connector,Subscription,17,1027.45,17466.65,5.0,8323.87,4.0
2024-09-22,Latin America,-25.06,-45.2187,AI CoPilot,Software,26,275.68,7167.68,25.0,1888.31,3.0
2024-09-22,Middle East,26.0875,57.8986,Data Connector,Services,2,194.38,388.76,10.0,213.44,4.0
2024-09-23,Middle East,26.934,53.6278,Enterprise ERP,Subscription,12,1158.0,13896.0,15.0,5612.02,2.0
2024-09-23,Europe,47.0376,-1.5333,Security Suite,Software,26,174.25,4530.5,25.0,663.3,5.0
2024-09-24,Asia Pacific,34.9846,141.5533,Data Connector,Subscription,23,600.26,13805.98,5.0,8183.24,3.0
2024-09-24,Middle East,22.1799,57.944,Security Suite,Software,18,723.4,13021.2,15.0,3091.06,3.0
2024-09-25,Latin America,-26.1013,-44.7095,AI CoPilot,Software,32,672.58,21522.56,5.0,6514.36,4.0
2024-09-25,North America,39.2238,-125.2766,Enterprise ERP,Software,49,148.94,7298.06,20.0,2050.06,4.0
2024-09-26,Europe,46.3081,4.3796,Data Connector,Subscription,38,115.58,4392.04,0.0,771.3,5.0
2024-09-26,North America,37.9762,-120.268,AI CoPilot,Services,47,171.31,8051.57,20.0,2565.28,4.0
2024-09-27,Middle East,26.8772,56.5391,Cloud Analytics,Subscription,3,723.43,2170.29,0.0,459.36,3.0
2024-09-27,Asia Pacific,32.5312,141.7792,AI CoPilot,Subscription,38,676.0,25688.0,5.0,8553.1,3.0
2024-09-28,North America,38.3134,-119.652,Security Suite,Software,3,318.8,956.4,15.0,264.49,4.0
2024-09-28,Asia Pacific,33.7287,140.5591,Enterprise ERP,Software,30,783.44,23503.2,5.0,11977.21,3.0
2024-09-29,Asia Pacific,39.3796,136.3591,Enterprise ERP,Software,1,993.08,993.08,10.0,492.99,4.0
2024-09-29,Europe,48.725,2.2532,AI CoPilot,Subscription,30,97.82,2934.6,5.0,632.03,4.0
2024-09-30,North America,40.2228,-125.7982,Cloud Analytics,Services,45,622.85,28028.25,15.0,7939.96,5.0
2024-09-30,Asia Pacific,36.078,138.9106,Security Suite,Software,32,842.71,26966.72,0.0,9079.06,5.0
2024-10-01,Europe,45.2039,1.6091,AI CoPilot,Subscription,28,340.16,9524.48,0.0,2149.72,5.0
2024-10-01,Asia Pacific,36.7414,136.1784,AI CoPilot,Services,21,403.94,8482.74,0.0,4658.95,5.0
2024-10-02,Europe,52.4678,1.1428,Enterprise ERP,Software,46,755.68,34761.28,5.0,16630.96,3.0
2024-10-02,Latin America,-22.7376,-49.7453,Security Suite,Subscription,13,1082.63,14074.19,0.0,3450.86,3.0
2024-10-03,Europe,51.4101,4.8181,Cloud Analytics,Subscription,27,981.41,26498.07,5.0,8391.75,4.0
2024-10-03,Europe,51.9303,5.9337,Enterprise ERP,Subscription,36,720.6,25941.6,5.0,5000.44,5.0
2024-10-04,Latin America,-25.7259,-50.0548,AI CoPilot,Software,7,889.75,6228.25,0.0,2890.55,5.0
2024-10-04,Europe,46.553,5.9931,Enterprise ERP,Subscription,22,469.55,10330.1,10.0,1958.77,5.0
2024-10-05,North America,38.6627,-122.2388,Enterprise ERP,Subscription,10,787.11,7871.1,20.0,4048.69,2.0
2024-10-05,North America,37.0631,-124.0229,Data Connector,Software,39,586.11,22858.29,0.0,12351.27,5.0
2024-10-06,Asia Pacific,38.3951,136.2652,Enterprise ERP,Subscription,15,268.43,4026.45,10.0,1250.64,4.0
2024-10-06,Asia Pacific,38.8764,139.6553,Enterprise ERP,Software,15,857.0,12855.0,10.0,5082.27,1.0
2024-10-07,Asia Pacific,34.5036,142.0064,Security Suite,Services,4,689.93,2759.72,5.0,1587.91,4.0
2024-10-07,North America,35.6699,-120.7627,Enterprise ERP,Subscription,32,462.41,14797.12,15.0,5371.24,1.0
2024-10-08,North America,40.0191,-126.0176,Cloud Analytics,Subscription,23,1098.04,25254.92,5.0,5692.13,4.0
2024-10-08,North America,35.9733,-125.8362,AI CoPilot,Software,6,74.07,444.42,10.0,135.73,4.0
2024-10-09,Europe,51.4375,1.5752,Security Suite,Software,24,413.14,9915.36,0.0,5667.35,4.0
2024-10-09,Europe,48.2465,0.7145,Enterprise ERP,Software,20,115.41,2308.2,10.0,980.74,4.0
2024-10-10,Europe,50.197,0.2113,Cloud Analytics,Software,37,931.51,34465.87,10.0,14745.39,5.0
2024-10-10,Europe,45.6209,0.6002,AI CoPilot,Software,20,857.42,17148.4,0.0,10004.56,4.0
2024-10-11,Latin America,-22.5596,-44.2054,Security Suite,Subscription,12,431.06,5172.72,5.0,2933.64,4.0
2024-10-11,North America,37.389,-118.9856,Cloud Analytics,Software,33,827.01,27291.33,25.0,12483.66,5.0
2024-10-12,Europe,49.5495,1.593,Enterprise ERP,Subscription,28,505.33,14149.24,5.0,2653.74,5.0
2024-10-12,Asia Pacific,33.0203,142.8992,Data Connector,Software,8,919.69,7357.52,10.0,2794.8,2.0
2024-10-13,Europe,50.7516,0.9242,Data Connector,Subscription,1,572.31,572.31,20.0,238.2,4.0
2024-10-13,Asia Pacific,38.5786,139.4618,Security Suite,Subscription,37,524.12,19392.44,15.0,8710.97,3.0
2024-10-14,Latin America,-25.8166,-48.8251,Cloud Analytics,Subscription,22,1124.94,24748.68,10.0,10098.01,1.0
2024-10-14,Middle East,21.9705,56.3946,AI CoPilot,Services,6,338.51,2031.06,15.0,402.93,4.0
2024-10-15,North America,33.964,-118.5876,Cloud Analytics,Software,21,188.51,3958.71,20.0,1737.75,5.0
2024-10-15,Middle East,26.3406,56.0987,Data Connector,Software,32,722.22,23111.04,5.0,11198.52,3.0
2024-10-16,Europe,49.7134,1.2147,Security Suite,Software,35,1164.72,40765.2,5.0,7476.93,5.0
2024-10-16,North America,38.1485,-121.2369,Enterprise ERP,Software,15,484.52,7267.8,5.0,2636.83,5.0
2024-10-17,Europe,46.7122,-0.6644,Cloud Analytics,Subscription,5,121.34,606.7,25.0,107.84,5.0
2024-10-17,Middle East,24.332,58.3801,Data Connector,Software,46,440.2,20249.2,10.0,5808.78,3.0
2024-10-18,Europe,49.6124,2.3769,AI CoPilot,Subscription,48,631.82,30327.36,0.0,4823.28,5.0
2024-10-18,North America,37.749,-122.8246,Security Suite,Software,6,236.21,1417.26,20.0,397.02,4.0
2024-10-19,Asia Pacific,39.5785,140.3372,Enterprise ERP,Services,25,806.82,20170.5,5.0,8142.66,4.0
2024-10-19,North America,34.8664,-121.4211,Cloud Analytics,Services,46,1197.41,55080.86,0.0,25325.7,2.0
2024-10-20,North America,39.3361,-125.8452,AI CoPilot,Software,40,569.5,22780.0,10.0,9876.74,1.0
2024-10-20,North America,37.0095,-120.9585,Enterprise ERP,Software,29,457.94,13280.26,5.0,7167.87,5.0
2024-10-21,North America,37.2005,-124.4839,Data Connector,Subscription,7,510.81,3575.67,20.0,737.25,4.0
2024-10-21,North America,39.5157,-120.7078,Data Connector,Services,40,182.42,7296.8,0.0,1534.09,3.0
2024-10-22,North America,39.3144,-119.8391,AI CoPilot,Software,13,1065.76,13854.88,15.0,6780.62,3.0
2024-10-22,Asia Pacific,39.6062,142.082,Data Connector,Software,38,527.05,20027.9,10.0,4115.25,4.0
2024-10-23,North America,34.8021,-121.9994,Security Suite,Services,18,495.37,8916.66,0.0,5683.3,1.0
2024-10-23,North America,34.6078,-122.258,AI CoPilot,Subscription,2,808.64,1617.28,25.0,692.93,5.0
2024-10-24,Latin America,-21.7558,-49.4903,Data Connector,Software,8,558.34,4466.72,10.0,1609.78,2.0
2024-10-24,Europe,49.4837,4.555,Cloud Analytics,Subscription,11,795.47,8750.17,0.0,5606.33,3.0
2024-10-25,Asia Pacific,33.8695,137.8216,Data Connector,Services,33,120.66,3981.78,5.0,751.58,4.0
2024-10-25,North America,34.4103,-122.4458,Security Suite,Subscription,38,985.78,37459.64,20.0,9036.25,4.0
2024-10-26,North America,34.4602,-124.1452,Enterprise ERP,Subscription,48,1131.58,54315.84,5.0,24206.21,4.0
2024-10-26,North America,40.9284,-125.3488,Enterprise ERP,Subscription,27,796.08,21494.16,0.0,6985.68,4.0
2024-10-27,North America,35.3098,-121.3829,Data Connector,Software,20,1147.75,22955.0,0.0,14098.65,5.0
2024-10-27,North America,36.3619,-125.9847,Enterprise ERP,Subscription,12,224.15,2689.8,0.0,491.73,4.0
2024-10-28,North America,35.5882,-120.4302,Data Connector,Software,43,599.03,25758.29,15.0,9298.74,1.0
2024-10-28,North America,36.6149,-123.8787,Security Suite,Services,31,742.08,23004.48,5.0,9734.61,4.0
2024-10-29,North America,34.3303,-126.4183,Enterprise ERP,Software,27,719.0,19413.0,0.0,9247.66,5.0
2024-10-29,Europe,49.0091,2.4412,Cloud Analytics,Services,32,511.68,16373.76,0.0,4549.17,4.0
2024-10-30,North America,34.3158,-126.0446,Data Connector,Software,10,438.8,4388.0,5.0,1385.16,2.0
2024-10-30,Europe,51.2595,0.5616,Enterprise ERP,Subscription,3,195.85,587.55,20.0,268.79,5.0
2024-10-31,Europe,46.7263,4.008,Security Suite,Software,45,500.5,22522.5,5.0,5294.99,4.0
2024-10-31,Asia Pacific,35.9963,136.1518,Security Suite,Subscription,27,237.06,6400.62,,2704.74,4.0
2024-11-01,North America,40.8155,-119.7047,Cloud Analytics,Subscription,35,894.52,31308.2,5.0,12828.89,2.0
2024-11-01,Asia Pacific,36.8832,135.6809,Security Suite,Subscription,31,290.16,8994.96,0.0,4777.17,3.0
2024-11-02,Asia Pacific,35.9399,137.6249,Security Suite,Subscription,15,117.35,1760.25,20.0,713.68,4.0
2024-11-02,North America,36.3696,-120.4922,Enterprise ERP,Software,16,685.22,10963.52,5.0,2642.95,3.0
2024-11-03,Latin America,-24.8865,-48.1031,Data Connector,Services,13,734.51,9548.63,15.0,3525.79,4.0
2024-11-03,Middle East,26.5607,52.0859,AI CoPilot,Subscription,49,1052.7,51582.3,25.0,22587.69,4.0
2024-11-04,North America,41.728,-123.5375,Security Suite,Subscription,35,713.53,24973.55,0.0,9141.77,3.0
2024-11-04,North America,39.0696,-124.2563,Security Suite,Subscription,11,447.3,4920.3,0.0,3116.0,5.0
2024-11-05,Latin America,-23.0882,-43.8916,AI CoPilot,Subscription,21,973.46,20442.66,15.0,6535.34,5.0
2024-11-05,Asia Pacific,37.5214,138.1571,Security Suite,Software,11,671.32,7384.52,0.0,1634.88,5.0
2024-11-06,North America,37.4965,-120.1079,Enterprise ERP,Subscription,30,141.17,4235.1,0.0,1459.91,2.0
2024-11-06,North America,34.256,-119.2844,Enterprise ERP,Subscription,48,700.73,33635.04,0.0,21050.53,2.0
2024-11-07,Europe,49.355,1.8227,AI CoPilot,Services,35,1094.22,38297.7,0.0,11866.94,4.0
2024-11-07,Europe,52.5176,5.6317,Security Suite,Subscription,22,505.76,11126.72,,5523.77,3.0
2024-11-08,Asia Pacific,33.0786,138.6688,Security Suite,Software,38,390.77,14849.26,0.0,8770.35,5.0
2024-11-08,Europe,50.3766,6.0648,Data Connector,Software,31,214.99,6664.69,5.0,2058.31,3.0
2024-11-09,Europe,46.4641,-0.9335,Security Suite,Software,14,224.16,3138.24,10.0,541.24,4.0
2024-11-09,Asia Pacific,35.9628,141.1465,Enterprise ERP,Software,24,547.69,13144.56,5.0,6397.0,4.0
2024-11-10,North America,34.5483,-122.4689,Cloud Analytics,Subscription,49,735.03,36016.47,0.0,11012.26,4.0
2024-11-10,North America,37.3779,-123.3182,Cloud Analytics,Services,32,142.71,4566.72,15.0,2101.8,2.0
2024-11-11,Asia Pacific,37.7255,140.712,Cloud Analytics,Software,36,1130.5,40698.0,0.0,15112.28,4.0
2024-11-11,Latin America,-24.7699,-45.0024,Cloud Analytics,Software,32,918.4,29388.8,15.0,9808.17,3.0
2024-11-12,Europe,50.1759,-1.6129,Security Suite,Services,15,724.62,10869.3,20.0,4686.45,5.0
2024-11-12,Europe,51.2202,-0.3122,Security Suite,Subscription,43,1002.7,43116.1,5.0,13974.9,1.0
2024-11-13,North America,41.1923,-120.715,Data Connector,Subscription,35,142.21,4977.35,10.0,1664.46,5.0
2024-11-13,Europe,46.7337,3.6833,Security Suite,Subscription,3,598.36,1795.08,5.0,576.56,5.0
2024-11-14,Europe,48.0511,6.0806,Cloud Analytics,Subscription,16,774.61,12393.76,5.0,3928.66,3.0
2024-11-14,North America,34.9942,-120.3311,AI CoPilot,Software,5,1002.95,5014.75,20.0,1656.77,5.0
2024-11-15,North America,41.7148,-118.8132,AI CoPilot,Software,21,950.99,19970.79,20.0,8857.44,1.0
2024-11-15,Europe,52.2726,3.9725,Enterprise ERP,Software,10,368.63,3686.3,5.0,1158.75,5.0
2024-11-16,North America,38.0946,-124.035,Enterprise ERP,Software,19,1132.01,21508.19,10.0,7977.7,4.0
2024-11-16,North America,40.5112,-125.5765,Security Suite,Services,25,193.0,4825.0,20.0,1873.5,4.0
2024-11-17,North America,37.9426,-120.1648,AI CoPilot,Subscription,4,1056.4,4225.6,25.0,902.33,4.0
2024-11-17,North America,38.7636,-121.2662,Cloud Analytics,Software,29,1166.58,33830.82,10.0,8792.13,2.0
2024-11-18,North America,34.4879,-126.0339,Cloud Analytics,Software,19,253.73,4820.87,5.0,2824.41,5.0
2024-11-18,Latin America,-21.5083,-47.7529,Cloud Analytics,Software,43,880.38,37856.34,0.0,19373.64,1.0
2024-11-19,Europe,45.8783,6.0066,Security Suite,Subscription,2,96.33,192.66,25.0,63.37,4.0
2024-11-19,Asia Pacific,38.2847,139.6535,Security Suite,Subscription,10,516.24,5162.4,0.0,2446.26,4.0
2024-11-20,Asia Pacific,37.9324,139.1121,Data Connector,Software,43,643.73,27680.39,10.0,4101.81,5.0
2024-11-20,Europe,50.5266,2.0138,Cloud Analytics,Software,25,717.74,17943.5,0.0,8236.99,3.0
2024-11-21,North America,34.0642,-124.7483,Cloud Analytics,Subscription,20,1126.33,22526.6,0.0,9117.74,4.0
2024-11-21,Europe,47.2816,1.3019,Security Suite,Subscription,48,823.09,39508.32,5.0,15871.72,4.0
2024-11-22,Europe,46.9615,1.3107,Security Suite,Software,19,603.47,11465.93,25.0,2835.34,5.0
2024-11-22,Asia Pacific,34.5573,136.0691,Data Connector,Subscription,23,981.13,22565.99,0.0,4304.17,2.0
2024-11-23,Europe,45.5577,4.4927,Data Connector,Subscription,24,1143.11,27434.64,10.0,6090.56,3.0
2024-11-23,North America,41.2706,-123.0874,Enterprise ERP,Software,11,75.38,829.18,0.0,518.55,3.0
2024-11-24,North America,38.2053,-119.842,AI CoPilot,Software,46,1179.9,54275.4,0.0,19232.48,5.0
2024-11-24,Europe,47.3008,5.155,Cloud Analytics,Software,34,149.05,5067.7,5.0,1845.53,3.0
2024-11-25,Asia Pacific,34.8521,137.3463,Cloud Analytics,Services,28,986.54,27623.12,10.0,4384.33,4.0
2024-11-25,Europe,48.4342,3.611,Data Connector,Services,5,372.38,1861.9,0.0,314.26,3.0
2024-11-26,Europe,49.6614,2.1305,Data Connector,Services,5,202.01,1010.05,5.0,488.02,5.0
2024-11-26,Middle East,25.3302,58.3121,Enterprise ERP,Subscription,21,555.83,11672.43,0.0,4891.3,5.0
2024-11-27,Asia Pacific,39.0313,137.3762,AI CoPilot,Subscription,12,790.55,9486.6,5.0,3644.14,4.0
2024-11-27,North America,37.7506,-120.9969,Enterprise ERP,Subscription,4,488.09,1952.36,25.0,397.64,4.0
2024-11-28,North America,41.7122,-121.5574,AI CoPilot,Services,49,112.75,5524.75,20.0,2308.79,3.0
2024-11-28,North America,40.5863,-124.057,Cloud Analytics,Software,42,739.38,31053.96,5.0,6906.78,1.0
2024-11-29,North America,35.443,-125.3266,Enterprise ERP,Subscription,20,1087.76,21755.2,10.0,4796.38,3.0
2024-11-29,North America,41.2197,-121.2063,Data Connector,Subscription,38,490.7,18646.6,20.0,5673.88,4.0
2024-11-30,North America,34.7058,-120.5106,Enterprise ERP,Subscription,25,298.78,7469.5,0.0,2189.61,4.0
2024-11-30,North America,40.3145,-123.8944,Enterprise ERP,Software,14,558.96,7825.44,15.0,1820.76,5.0
2024-12-01,North America,36.8199,-121.2607,Cloud Analytics,Subscription,11,105.62,1161.82,20.0,439.28,4.0
2024-12-01,Latin America,-20.5267,-47.4723,Data Connector,Subscription,32,993.56,31793.92,,15117.56,4.0
2024-12-02,North America,40.7194,-120.7137,Data Connector,Software,11,1000.29,11003.19,0.0,6186.64,4.0
2024-12-02,Europe,51.304,-0.0541,Security Suite,Subscription,18,726.2,13071.6,25.0,3518.1,
2024-12-03,Europe,51.1768,5.4739,Security Suite,Software,27,456.07,12313.89,10.0,2067.36,3.0
2024-12-03,Middle East,23.6422,53.5701,Security Suite,Services,18,969.75,17455.5,0.0,5006.82,4.0
2024-12-04,North America,34.4223,-123.4771,Cloud Analytics,Subscription,23,687.89,15821.47,0.0,10125.78,4.0
2024-12-04,Europe,48.0804,-1.1831,Enterprise ERP,Subscription,11,999.82,10998.02,5.0,4682.11,5.0
2024-12-05,Middle East,22.593,52.1629,Data Connector,Software,21,776.18,16299.78,10.0,7406.32,5.0
2024-12-05,Latin America,-21.9909,-46.5064,Data Connector,Software,44,952.07,41891.08,15.0,5472.11,4.0
2024-12-06,Latin America,-24.7817,-48.4926,Enterprise ERP,Subscription,5,738.35,3691.75,25.0,1132.73,1.0
2024-12-06,North America,41.5798,-119.7356,Data Connector,Software,23,526.26,12103.98,0.0,2042.72,4.0
2024-12-07,North America,38.9027,-126.3019,Enterprise ERP,Subscription,41,1151.64,47217.24,10.0,18469.19,4.0
2024-12-07,Asia Pacific,38.256,138.6831,Cloud Analytics,Software,25,672.28,16807.0,10.0,9232.87,3.0
2024-12-08,Middle East,22.265,53.9696,Cloud Analytics,Subscription,41,745.85,30579.85,5.0,18424.33,5.0
2024-12-08,Europe,51.7527,-1.4932,Cloud Analytics,Subscription,10,303.56,3035.6,0.0,1275.79,5.0
2024-12-09,Europe,52.2387,-0.6529,Enterprise ERP,Software,22,769.5,16929.0,25.0,4813.37,5.0
2024-12-09,North America,37.6714,-123.1103,Enterprise ERP,Subscription,19,707.35,13439.65,20.0,6693.04,
2024-12-10,Asia Pacific,36.5262,139.5932,AI CoPilot,Subscription,1,262.56,262.56,5.0,121.42,5.0
2024-12-10,North America,39.8934,-123.1851,Data Connector,Subscription,7,118.53,829.71,10.0,136.24,5.0
2024-12-11,North America,35.1736,-122.1719,Data Connector,Software,4,745.01,2980.04,0.0,1140.95,4.0
2024-12-11,Europe,48.8771,3.1133,AI CoPilot,Subscription,1,928.25,928.25,10.0,225.67,4.0
2024-12-12,Europe,48.0459,-1.5684,AI CoPilot,Software,15,651.91,9778.65,10.0,3387.44,5.0
2024-12-12,North America,34.9459,-122.7066,Cloud Analytics,Software,40,310.79,12431.6,10.0,4226.24,4.0
2024-12-13,North America,36.7152,-118.7114,AI CoPilot,Software,12,816.5,9798.0,25.0,3241.22,4.0
2024-12-13,Asia Pacific,32.2216,139.8026,Enterprise ERP,Subscription,22,142.12,3126.64,10.0,924.07,4.0
2024-12-14,North America,33.9814,-120.9991,Security Suite,Software,22,558.11,12278.42,5.0,2707.74,4.0
2024-12-14,Europe,45.9379,0.8471,Enterprise ERP,Services,47,237.87,11179.89,15.0,3818.84,3.0
2024-12-15,North America,41.4798,-120.2275,AI CoPilot,Software,17,262.13,4456.21,0.0,2518.21,5.0
2024-12-15,Europe,49.2528,4.5356,Data Connector,Software,29,282.64,8196.56,5.0,3753.25,4.0
2024-12-16,Europe,52.5832,2.5226,Enterprise ERP,Software,46,494.71,22756.66,5.0,6900.38,4.0
2024-12-16,North America,37.2349,-118.6113,Data Connector,Software,14,108.82,1523.48,5.0,894.09,2.0
2024-12-17,North America,36.2694,-125.415,Enterprise ERP,Subscription,20,507.46,10149.2,15.0,5228.75,4.0
2024-12-17,North America,37.824,-126.2838,Data Connector,Software,48,638.46,30646.08,,7414.53,2.0
2024-12-18,North America,37.291,-120.2581,Enterprise ERP,Software,33,605.79,19991.07,15.0,2883.76,2.0
2024-12-18,Middle East,22.0501,57.728,Data Connector,Software,43,490.2,21078.6,10.0,9877.2,4.0
2024-12-19,North America,38.9015,-125.4577,Security Suite,Software,15,1015.02,15225.3,5.0,8154.9,4.0
2024-12-19,Latin America,-25.8222,-48.5086,Cloud Analytics,Software,12,217.13,2605.56,15.0,1403.99,4.0
2024-12-20,North America,38.7316,-126.279,Enterprise ERP,Subscription,40,631.55,25262.0,0.0,15028.82,2.0
2024-12-20,Asia Pacific,36.8778,137.9968,Security Suite,Subscription,20,121.35,2427.0,0.0,1092.8,4.0
2024-12-21,Asia Pacific,32.8924,141.8354,Cloud Analytics,Subscription,30,131.83,3954.9,10.0,1477.25,3.0
2024-12-21,Europe,45.3474,2.4959,Enterprise ERP,Subscription,38,709.95,26978.1,0.0,4422.26,5.0
2024-12-22,Europe,51.1027,1.137,Security Suite,Subscription,3,700.92,2102.76,0.0,574.74,4.0
2024-12-22,Europe,48.535,1.3261,Security Suite,Services,28,1059.74,29672.72,10.0,10142.93,4.0
2024-12-23,North America,34.2402,-126.4086,Security Suite,Software,26,691.55,17980.3,10.0,7512.65,4.0
2024-12-23,Middle East,29.1637,53.6692,AI CoPilot,Software,30,1153.76,34612.8,5.0,14094.15,2.0
2024-12-24,Latin America,-27.0883,-45.4616,Data Connector,Software,13,106.0,1378.0,25.0,538.78,5.0
2024-12-24,Middle East,26.7651,59.0644,Cloud Analytics,Software,13,162.71,2115.23,10.0,551.85,3.0
2024-12-25,North America,41.6443,-119.6429,Data Connector,Software,2,100.68,201.36,20.0,69.67,4.0
2024-12-25,Asia Pacific,33.5896,135.8391,Data Connector,Subscription,37,263.07,9733.59,0.0,1889.01,4.0
2024-12-26,Middle East,22.3428,58.4593,Data Connector,Software,49,672.46,32950.54,10.0,10582.05,1.0
2024-12-26,North America,34.746,-120.1538,Security Suite,Services,38,792.41,30111.58,20.0,12648.8,
2024-12-27,North America,36.2011,-120.1764,Data Connector,Software,2,102.42,204.84,10.0,91.57,4.0
2024-12-27,Asia Pacific,32.4846,139.3143,AI CoPilot,Software,36,1137.87,40963.32,15.0,22469.33,3.0
2024-12-28,Europe,50.3939,1.5362,Enterprise ERP,Services,26,1018.49,26480.74,,7268.92,2.0
2024-12-28,Latin America,-27.0522,-48.21,Security Suite,Subscription,11,391.1,4302.1,0.0,1716.95,3.0
2024-12-29,North America,37.8503,-125.8938,Cloud Analytics,Software,8,138.77,1110.16,5.0,331.97,5.0
2024-12-29,Asia Pacific,39.6498,137.4762,Enterprise ERP,Subscription,44,245.37,10796.28,5.0,3797.99,4.0
2024-12-30,North America,40.2867,-124.4466,Enterprise ERP,Subscription,40,195.99,7839.6,20.0,3628.01,3.0
2024-12-30,North America,38.6967,-122.5468,Enterprise ERP,Software,43,191.78,8246.54,0.0,4058.16,
2024-12-31,North America,36.2249,-120.4398,Data Connector,Software,22,646.35,14219.7,25.0,6305.23,4.0
2024-12-31,Latin America,-22.5593,-46.8428,Data Connector,Subscription,20,332.72,6654.4,25.0,1256.46,4.0
2025-01-01,Asia Pacific,35.8925,136.1131,Security Suite,Subscription,8,461.86,3694.88,0.0,2167.71,4.0
2025-01-01,Europe,48.2653,6.0145,Data Connector,Software,29,1187.93,34449.97,5.0,5887.05,4.0
2025-01-02,Europe,45.9023,5.894,Data Connector,Subscription,40,836.96,33478.4,20.0,15916.96,3.0
2025-01-02,Latin America,-20.4577,-44.3518,Data Connector,Software,26,1141.33,29674.58,25.0,7000.31,4.0
2025-01-03,Europe,48.4549,6.2828,Security Suite,Services,30,213.94,6418.2,5.0,1873.66,5.0
2025-01-03,Latin America,-25.9935,-46.2774,Security Suite,Software,17,489.46,8320.82,5.0,3209.69,3.0
2025-01-04,Europe,47.7987,6.0543,AI CoPilot,Services,20,687.94,13758.8,10.0,7681.68,4.0
2025-01-04,Europe,48.1696,-1.043,AI CoPilot,Subscription,16,138.27,2212.32,,346.23,4.0
2025-01-05,Europe,51.4769,1.2776,AI CoPilot,Software,46,54.82,2521.72,0.0,822.37,4.0
2025-01-05,North America,39.6438,-124.6163,AI CoPilot,Software,43,821.0,35303.0,15.0,17352.95,3.0
2025-01-06,Asia Pacific,37.8306,137.217,Enterprise ERP,Subscription,7,788.09,5516.63,0.0,1919.94,5.0
2025-01-06,Europe,44.9449,-0.5214,Enterprise ERP,Services,16,522.41,8358.56,0.0,2086.12,4.0
2025-01-07,North America,37.1041,-121.4401,AI CoPilot,Software,45,613.09,27589.05,5.0,9498.28,4.0
2025-01-07,Latin America,-23.6997,-44.3827,AI CoPilot,Software,47,527.76,24804.72,5.0,8077.35,4.0
2025-01-08,Europe,45.0101,2.9786,Cloud Analytics,Subscription,48,77.61,3725.28,5.0,2150.69,3.0
2025-01-08,Europe,46.9351,-0.4721,Enterprise ERP,Subscription,27,435.68,11763.36,5.0,5933.66,2.0
2025-01-09,Latin America,-21.4682,-44.1443,Cloud Analytics,Software,23,253.64,5833.72,5.0,2230.99,5.0
2025-01-09,Asia Pacific,32.7731,140.7379,Cloud Analytics,Subscription,24,163.19,3916.56,0.0,2522.99,3.0
2025-01-10,North America,38.0574,-123.3141,Data Connector,Subscription,9,1150.23,10352.07,5.0,3763.05,4.0
2025-01-10,Middle East,22.9264,56.6638,Security Suite,Software,35,739.26,25874.1,25.0,3475.91,4.0
2025-01-11,Asia Pacific,31.7732,137.7295,Enterprise ERP,Software,20,887.95,17759.0,5.0,4743.08,4.0
2025-01-11,North America,35.7045,-123.6579,AI CoPilot,Software,37,412.67,15268.79,5.0,5338.48,4.0
2025-01-12,North America,41.5819,-119.0795,AI CoPilot,Subscription,42,502.12,21089.04,10.0,4336.04,4.0
2025-01-12,Asia Pacific,38.0885,137.9743,Security Suite,Subscription,17,322.46,5481.82,25.0,2564.6,2.0
2025-01-13,Asia Pacific,39.3528,139.4102,Enterprise ERP,Subscription,47,161.51,7590.97,0.0,4049.21,4.0
2025-01-13,Europe,48.7594,5.4733,AI CoPilot,Software,31,255.89,7932.59,10.0,2028.6,4.0
2025-01-14,Latin America,-26.6726,-44.9715,AI CoPilot,Software,8,967.14,7737.12,15.0,2929.21,4.0
2025-01-14,Asia Pacific,36.0599,136.1479,Data Connector,Subscription,15,829.18,12437.7,10.0,5717.02,3.0
2025-01-15,North America,37.4099,-125.241,Cloud Analytics,Software,31,678.97,21048.07,0.0,13063.26,4.0
2025-01-15,North America,40.5298,-126.3567,AI CoPilot,Subscription,30,596.35,17890.5,10.0,9513.02,3.0
2025-01-16,North America,34.5596,-121.372,Enterprise ERP,Subscription,46,1110.8,51096.8,0.0,20826.86,3.0
2025-01-16,Asia Pacific,35.5821,139.2317,Security Suite,Software,20,133.65,2673.0,10.0,1292.65,1.0
2025-01-17,North America,34.9753,-125.3452,Data Connector,Software,39,372.69,14534.91,15.0,5325.76,5.0
2025-01-17,Europe,47.454,6.0157,Enterprise ERP,Software,12,452.43,5429.16,0.0,2314.73,3.0
2025-01-18,Asia Pacific,37.5751,139.8876,Data Connector,Software,49,949.79,46539.71,15.0,8203.34,3.0
2025-01-18,Latin America,-23.7424,-48.6982,Cloud Analytics,Subscription,17,1191.39,20253.63,0.0,4315.42,3.0
2025-01-19,North America,36.782,-122.4146,AI CoPilot,Software,42,326.77,13724.34,15.0,4838.54,2.0
2025-01-19,Latin America,-24.3947,-45.1963,Enterprise ERP,Software,30,1055.45,31663.5,5.0,8555.77,4.0
2025-01-20,North America,37.4505,-125.8095,Security Suite,Subscription,29,1005.22,29151.38,0.0,4679.33,2.0
2025-01-20,Latin America,-21.2704,-48.4357,Cloud Analytics,Software,19,308.36,5858.84,0.0,2996.33,3.0
2025-01-21,North America,40.9116,-119.9637,Cloud Analytics,Subscription,46,509.23,23424.58,25.0,2920.63,4.0
2025-01-21,Europe,52.4993,2.0295,Data Connector,Software,11,521.12,5732.32,0.0,2566.01,4.0
2025-01-22,Asia Pacific,37.9714,140.0229,Cloud Analytics,Software,34,1174.95,39948.3,,16762.18,5.0
2025-01-22,North America,36.2982,-122.9569,Enterprise ERP,Software,7,258.03,1806.21,5.0,1088.58,4.0
2025-01-23,North America,39.28,-126.0682,Data Connector,Software,44,969.03,42637.32,10.0,15046.54,3.0
2025-01-23,Asia Pacific,35.177,136.9763,Cloud Analytics,Subscription,34,434.32,14766.88,10.0,2416.17,4.0
2025-01-24,Asia Pacific,33.7136,139.2146,Security Suite,Subscription,20,890.5,17810.0,0.0,7584.28,2.0
2025-01-24,Asia Pacific,38.4032,137.3238,Enterprise ERP,Software,38,533.01,20254.38,0.0,11556.1,4.0
2025-01-25,Asia Pacific,31.9836,136.0501,Security Suite,Software,24,715.11,17162.64,0.0,11128.68,4.0
2025-01-25,Europe,52.0707,5.1014,Security Suite,Software,10,1007.5,10075.0,0.0,3679.1,3.0
2025-01-26,North America,37.4667,-118.5699,Data Connector,Software,32,974.79,31193.28,5.0,9190.85,4.0
2025-01-26,North America,38.8725,-120.0743,AI CoPilot,Software,15,1046.39,15695.85,15.0,8049.27,5.0
2025-01-27,North America,39.0497,-119.5891,Data Connector,Subscription,37,118.56,4386.72,0.0,1077.47,5.0
2025-01-27,Latin America,-20.3896,-48.6975,Enterprise ERP,Subscription,20,845.86,16917.2,5.0,7356.08,4.0
2025-01-28,Europe,49.95,6.0372,Enterprise ERP,Software,3,210.99,632.97,5.0,212.18,4.0
2025-01-28,Europe,49.7681,-0.0724,Data Connector,Subscription,37,528.19,19543.03,25.0,2499.67,3.0
2025-01-29,Europe,45.3898,5.9636,AI CoPilot,Services,40,680.88,27235.2,25.0,6610.89,3.0
2025-01-29,Middle East,25.3521,59.2294,Data Connector,Software,8,513.15,4105.2,15.0,986.16,4.0
2025-01-30,North America,34.9763,-120.7256,Enterprise ERP,Subscription,40,647.55,25902.0,,12770.87,4.0
2025-01-30,Europe,50.7561,6.2013,AI CoPilot,Subscription,44,1196.01,52624.44,0.0,32858.45,5.0
2025-01-31,Europe,48.9544,2.9085,Enterprise ERP,Software,23,205.5,4726.5,5.0,1275.32,4.0
2025-01-31,Asia Pacific,37.118,137.7266,AI CoPilot,Services,40,826.77,33070.8,0.0,18378.53,4.0
2025-02-01,North America,34.1083,-122.9234,AI CoPilot,Software,11,505.4,5559.4,10.0,889.01,4.0
2025-02-01,Latin America,-26.8722,-45.8848,Data Connector,Software,46,202.96,9336.16,15.0,3325.55,5.0
2025-02-02,Middle East,26.9354,51.8555,Data Connector,Subscription,8,232.55,1860.4,20.0,275.75,4.0
2025-02-02,Europe,45.4333,3.3309,Data Connector,Software,29,1141.66,33108.14,15.0,17364.03,4.0
2025-02-03,Asia Pacific,32.2463,143.4997,AI CoPilot,Software,30,1061.54,31846.2,5.0,16130.64,4.0
2025-02-03,Middle East,21.3017,52.7917,AI CoPilot,Software,10,1093.1,10931.0,10.0,4712.11,5.0
2025-02-04,Asia Pacific,39.3282,141.9911,Enterprise ERP,Subscription,39,1190.26,46420.14,5.0,24781.43,1.0
2025-02-04,North America,39.675,-119.1562,Security Suite,Subscription,28,289.56,8107.68,0.0,3841.09,5.0
2025-02-05,Europe,47.6826,5.9018,Data Connector,Subscription,49,458.76,22479.24,15.0,12123.08,4.0
2025-02-05,Asia Pacific,34.0485,143.3314,Enterprise ERP,Services,36,819.6,29505.6,0.0,14958.72,4.0
2025-02-06,Europe,47.6542,2.5239,Enterprise ERP,Software,13,606.37,7882.81,5.0,4585.53,4.0
2025-02-06,Asia Pacific,37.8734,143.4688,Cloud Analytics,Software,32,531.15,16996.8,5.0,6597.1,4.0
2025-02-07,Middle East,26.4958,57.3293,Data Connector,Subscription,36,461.48,16613.28,10.0,3117.96,1.0
2025-02-07,Middle East,22.6864,52.5642,Enterprise ERP,Subscription,37,732.85,27115.45,15.0,9543.97,5.0
2025-02-08,Europe,46.2495,2.1674,Cloud Analytics,Software,26,711.93,18510.18,5.0,3753.21,4.0
2025-02-08,North America,34.5621,-120.6728,Data Connector,Software,22,235.68,5184.96,15.0,1966.71,4.0
2025-02-09,Middle East,26.4872,53.2495,AI CoPilot,Subscription,4,592.5,2370.0,0.0,927.25,3.0
2025-02-09,Latin America,-21.4355,-45.5084,Cloud Analytics,Services,31,686.49,21281.19,5.0,9325.91,4.0
2025-02-10,North America,35.8953,-121.0866,AI CoPilot,Subscription,18,705.83,12704.94,,1674.13,4.0
2025-02-10,Middle East,21.3724,52.5724,Security Suite,Software,38,291.62,11081.56,10.0,2467.62,4.0
2025-02-11,Latin America,-26.8931,-46.1126,Security Suite,Services,24,903.61,21686.64,25.0,6435.49,4.0
2025-02-11,Europe,52.5995,4.5252,Security Suite,Services,23,78.98,1816.54,0.0,1135.79,4.0
2025-02-12,Europe,47.2202,2.3434,Security Suite,Subscription,22,458.06,10077.32,10.0,3100.03,
2025-02-12,Europe,51.0104,-1.551,Enterprise ERP,Subscription,2,947.24,1894.48,10.0,617.54,4.0
2025-02-13,North America,38.7722,-126.3471,Security Suite,Subscription,31,698.48,21652.88,20.0,8788.44,5.0
2025-02-13,North America,36.8304,-123.5632,Enterprise ERP,Services,11,350.34,3853.74,0.0,1741.49,2.0
2025-02-14,Latin America,-25.905,-43.2237,Enterprise ERP,Subscription,28,849.2,23777.6,15.0,6052.44,4.0
2025-02-14,North America,34.746,-124.59,Data Connector,Subscription,46,702.5,32315.0,10.0,10336.51,4.0
2025-02-15,North America,38.695,-121.3445,Enterprise ERP,Subscription,32,965.68,30901.76,0.0,7998.92,4.0
2025-02-15,Europe,51.0537,0.1288,Enterprise ERP,Software,5,895.28,4476.4,,2691.93,5.0
2025-02-16,Europe,50.0078,0.9256,Security Suite,Subscription,38,751.62,28561.56,5.0,5842.31,2.0
2025-02-16,Latin America,-23.3081,-43.849,Enterprise ERP,Subscription,10,611.4,6114.0,10.0,1848.42,2.0
2025-02-17,North America,34.1105,-120.5885,AI CoPilot,Services,40,203.16,8126.4,20.0,1059.16,5.0
2025-02-17,North America,41.5228,-125.6562,Security Suite,Software,46,350.53,16124.38,10.0,3786.02,3.0
2025-02-18,Asia Pacific,38.0659,139.0799,Cloud Analytics,Subscription,24,531.96,12767.04,10.0,6207.49,4.0
2025-02-18,Europe,47.1992,-1.4144,Security Suite,Software,35,739.19,25871.65,10.0,5834.8,4.0
2025-02-19,North America,41.6147,-122.5723,Enterprise ERP,Subscription,44,640.76,28193.44,0.0,5357.65,5.0
2025-02-19,Europe,49.6717,3.6517,AI CoPilot,Subscription,48,381.41,18307.68,0.0,7089.22,2.0
2025-02-20,North America,38.4343,-125.4714,Security Suite,Software,23,57.43,1320.89,5.0,194.48,2.0
2025-02-20,North America,39.7595,-124.1083,AI CoPilot,Subscription,17,620.68,10551.56,5.0,1928.44,4.0
2025-02-21,Europe,51.3508,1.5349,Cloud Analytics,Software,1,378.47,378.47,0.0,209.6,5.0
2025-02-21,Europe,50.1084,5.7084,Cloud Analytics,Software,31,894.8,27738.8,10.0,13374.62,4.0
2025-02-22,Latin America,-26.5257,-42.6873,Data Connector,Subscription,31,77.54,2403.74,5.0,1387.42,4.0
2025-02-22,Europe,47.5627,-1.2885,Data Connector,Software,42,722.55,30347.1,0.0,17518.1,4.0
2025-02-23,Europe,52.2813,4.4403,Security Suite,Software,42,1132.7,47573.4,5.0,22217.18,5.0
2025-02-23,Asia Pacific,33.4731,138.6241,Data Connector,Software,34,250.57,8519.38,0.0,1500.83,5.0
2025-02-24,North America,36.7522,-123.2797,AI CoPilot,Software,9,592.4,5331.6,20.0,2309.33,5.0
2025-02-24,Asia Pacific,35.1328,141.6844,Data Connector,Subscription,22,155.14,3413.08,20.0,1563.89,1.0
2025-02-25,North America,37.2901,-119.072,AI CoPilot,Software,13,769.53,10003.89,15.0,4672.92,2.0
2025-02-25,Middle East,26.1083,58.8782,Data Connector,Services,25,683.11,17077.75,0.0,6903.5,4.0
2025-02-26,North America,41.3195,-121.8024,Data Connector,Software,48,518.47,24886.56,15.0,5636.39,5.0
2025-02-26,Europe,46.7821,1.2092,Data Connector,Software,18,649.58,11692.44,15.0,5691.47,3.0
2025-02-27,North America,34.7469,-120.119,Enterprise ERP,Software,12,1081.06,12972.72,15.0,5663.17,3.0
2025-02-27,Middle East,22.7846,53.2788,Enterprise ERP,Subscription,40,275.74,11029.6,0.0,7063.14,5.0
2025-02-28,Europe,51.952,2.8648,Data Connector,Subscription,17,75.95,1291.15,10.0,264.77,2.0
2025-02-28,Europe,50.0231,1.2208,AI CoPilot,Services,15,1040.91,15613.65,15.0,3488.21,4.0
2025-03-01,North America,36.0622,-121.1664,Security Suite,Subscription,42,713.68,29974.56,10.0,6903.42,4.0
2025-03-01,Asia Pacific,38.2038,137.5735,Cloud Analytics,Software,15,1074.26,16113.9,10.0,7922.28,4.0
2025-03-02,North America,40.6659,-124.8867,Enterprise ERP,Subscription,15,736.49,11047.35,5.0,2555.04,5.0
2025-03-02,Latin America,-20.7784,-43.2874,Data Connector,Services,39,981.69,38285.91,10.0,6317.06,4.0
2025-03-03,North America,41.1263,-125.605,Cloud Analytics,Software,13,544.12,7073.56,0.0,4592.72,4.0
2025-03-03,North America,35.7928,-122.3717,Enterprise ERP,Software,17,912.34,15509.78,10.0,2267.03,4.0
2025-03-04,North America,39.8152,-124.6526,Security Suite,Subscription,32,1100.0,35200.0,0.0,19980.3,4.0
2025-03-04,Europe,48.5409,-1.3364,AI CoPilot,Software,9,707.94,6371.46,5.0,2013.7,4.0
2025-03-05,Europe,51.5926,-1.3596,Data Connector,Services,40,257.9,10316.0,0.0,5888.45,3.0
2025-03-05,North America,39.6028,-125.0176,Security Suite,Software,20,359.12,7182.4,10.0,2762.2,2.0
2025-03-06,Asia Pacific,37.8878,142.5845,Enterprise ERP,Software,26,278.44,7239.44,0.0,4349.57,2.0
2025-03-06,Europe,50.1059,0.612,Data Connector,Services,27,333.89,9015.03,10.0,4974.37,3.0
2025-03-07,Europe,46.276,5.9559,Cloud Analytics,Subscription,21,402.38,8449.98,15.0,1110.05,4.0
2025-03-07,Europe,49.2168,3.0052,AI CoPilot,Software,18,688.4,12391.2,0.0,2325.9,5.0
2025-03-08,Europe,52.734,1.8451,Enterprise ERP,Services,13,726.19,9440.47,0.0,2597.82,5.0
2025-03-08,Europe,52.3557,2.9929,AI CoPilot,Software,16,540.47,8647.52,0.0,4191.09,5.0
2025-03-09,North America,34.1203,-122.2858,Data Connector,Software,9,757.73,6819.57,20.0,3241.4,4.0
2025-03-09,North America,35.0934,-120.3492,Security Suite,Services,12,143.81,1725.72,10.0,590.15,4.0
2025-03-10,Latin America,-26.4967,-48.3733,AI CoPilot,Subscription,44,150.96,6642.24,5.0,2861.56,4.0
2025-03-10,Middle East,27.0126,54.0952,Cloud Analytics,Software,38,247.6,9408.8,0.0,2298.1,3.0
2025-03-11,Europe,51.3989,5.505,Enterprise ERP,Software,19,645.79,12270.01,10.0,6101.08,2.0
2025-03-11,North America,35.483,-118.8477,Cloud Analytics,Subscription,7,296.09,2072.63,20.0,1050.68,4.0
2025-03-12,Asia Pacific,35.723,142.7908,AI CoPilot,Software,35,375.78,13152.3,15.0,3178.31,5.0
2025-03-12,Europe,51.5822,1.7078,Security Suite,Subscription,48,510.36,24497.28,10.0,8761.98,3.0
2025-03-13,North America,39.6373,-120.1765,Security Suite,Subscription,18,983.65,17705.7,0.0,3418.23,1.0
2025-03-13,North America,38.1128,-122.6087,Cloud Analytics,Software,16,65.94,1055.04,0.0,453.21,5.0
2025-03-14,Asia Pacific,36.399,139.6306,Data Connector,Subscription,39,796.79,31074.81,0.0,12473.17,3.0
2025-03-14,Asia Pacific,35.7431,137.2877,Data Connector,Services,4,819.21,3276.84,0.0,728.17,5.0
2025-03-15,North America,36.1553,-121.6904,Security Suite,Software,25,968.45,24211.25,0.0,8983.18,5.0
2025-03-15,North America,38.2951,-124.9303,Cloud Analytics,Software,32,1122.67,35925.44,0.0,11390.24,5.0
2025-03-16,North America,39.286,-123.7669,Cloud Analytics,Software,40,73.16,2926.4,,1142.38,4.0
2025-03-16,Asia Pacific,38.6628,142.4905,Cloud Analytics,Subscription,13,226.85,2949.05,20.0,1044.74,4.0
2025-03-17,North America,38.8652,-124.7628,AI CoPilot,Services,45,1069.1,48109.5,10.0,6678.71,4.0
2025-03-17,North America,39.8639,-125.8501,Data Connector,Software,17,577.3,9814.1,15.0,4425.45,4.0
2025-03-18,Asia Pacific,32.9568,136.2024,Data Connector,Software,49,699.28,34264.72,15.0,14752.03,4.0
2025-03-18,North America,37.4674,-118.8931,AI CoPilot,Software,37,812.48,30061.76,0.0,10014.87,3.0
2025-03-19,Asia Pacific,31.7509,139.7057,Enterprise ERP,Subscription,6,830.93,4985.58,15.0,747.83,4.0
2025-03-19,North America,35.7483,-123.1441,AI CoPilot,Software,19,1121.5,21308.5,0.0,11239.52,4.0
2025-03-20,North America,39.5866,-119.9324,Cloud Analytics,Subscription,13,1196.49,15554.37,10.0,8785.56,5.0
2025-03-20,North America,41.7094,-119.7328,AI CoPilot,Software,26,878.18,22832.68,5.0,5858.23,5.0
2025-03-21,Asia Pacific,32.4696,138.3078,Cloud Analytics,Subscription,14,380.3,5324.2,25.0,1244.91,4.0
2025-03-21,Latin America,-24.3385,-45.0844,Security Suite,Subscription,31,1061.72,32913.32,0.0,7961.94,2.0
2025-03-22,Latin America,-21.1499,-44.4643,Cloud Analytics,Subscription,4,106.6,426.4,0.0,186.96,5.0
2025-03-22,Europe,46.4889,3.5894,Data Connector,Software,39,315.74,12313.86,20.0,2240.34,4.0
2025-03-23,Asia Pacific,36.1169,136.8631,AI CoPilot,Subscription,8,1081.99,8655.92,0.0,2839.98,5.0
2025-03-23,North America,39.6395,-119.4123,Cloud Analytics,Software,25,344.62,8615.5,10.0,3865.39,5.0
2025-03-24,North America,38.7028,-122.1066,Enterprise ERP,Software,13,303.75,3948.75,15.0,1443.46,2.0
2025-03-24,Latin America,-26.0463,-48.3735,Security Suite,Subscription,32,208.84,6682.88,15.0,1949.71,5.0
2025-03-25,North America,36.618,-123.0176,Enterprise ERP,Subscription,38,1037.98,39443.24,25.0,10653.37,1.0
2025-03-25,North America,40.0452,-126.1188,Enterprise ERP,Software,38,625.07,23752.66,25.0,7679.04,4.0
2025-03-26,North America,38.2087,-125.3965,Enterprise ERP,Software,28,826.13,23131.64,0.0,3537.58,4.0
2025-03-26,North America,33.8167,-120.295,Security Suite,Subscription,30,324.93,9747.9,15.0,1568.11,3.0
2025-03-27,North America,39.8628,-126.4193,Security Suite,Subscription,3,921.75,2765.25,10.0,1469.91,5.0
2025-03-27,Europe,45.1391,1.6847,Security Suite,Software,28,924.01,25872.28,10.0,4399.47,1.0
2025-03-28,Europe,50.8225,2.5323,Security Suite,Subscription,3,409.49,1228.47,0.0,618.41,3.0
2025-03-28,Latin America,-25.9307,-50.1962,Enterprise ERP,Software,45,522.29,23503.05,10.0,12903.58,4.0
2025-03-29,Latin America,-19.8859,-42.8487,Data Connector,Subscription,34,291.14,9898.76,25.0,2118.4,5.0
2025-03-29,North America,36.7184,-124.6104,Data Connector,Services,16,1173.05,18768.8,20.0,5033.73,5.0
2025-03-30,North America,36.3904,-123.9858,Security Suite,Software,22,792.44,17433.68,5.0,7195.54,5.0
2025-03-30,Europe,46.0477,0.7837,AI CoPilot,Subscription,32,1124.73,35991.36,0.0,21265.66,4.0
2025-03-31,Europe,47.3014,0.1955,Cloud Analytics,Software,38,398.89,15157.82,5.0,8941.68,4.0
2025-03-31,North America,40.7881,-126.4076,AI CoPilot,Subscription,8,949.17,7593.36,15.0,3354.86,1.0
2025-04-01,Asia Pacific,39.6469,141.4851,AI CoPilot,Subscription,8,930.74,7445.92,15.0,1223.46,2.0
2025-04-01,Europe,47.8031,6.087,AI CoPilot,Services,6,845.4,5072.4,5.0,2335.07,4.0
2025-04-02,Europe,48.4455,0.1465,Data Connector,Software,14,1160.48,16246.72,0.0,5770.05,4.0
2025-04-02,Europe,50.6332,3.6566,Cloud Analytics,Software,32,502.59,16082.88,5.0,5887.67,4.0
2025-04-03,North America,40.8645,-120.4842,AI CoPilot,Software,35,200.32,7011.2,5.0,1162.78,5.0
2025-04-03,Middle East,25.9492,58.0582,Security Suite,Services,10,822.47,8224.7,20.0,1615.54,4.0
2025-04-04,Asia Pacific,34.8084,139.0313,Data Connector,Subscription,3,888.71,2666.13,10.0,1308.35,2.0
2025-04-04,North America,37.0759,-123.996,Security Suite,Subscription,12,711.32,8535.84,,3056.94,3.0
2025-04-05,Latin America,-21.9856,-48.0309,Security Suite,Software,49,287.84,14104.16,10.0,3818.67,5.0
2025-04-05,Europe,44.8823,4.0532,AI CoPilot,Services,31,630.12,19533.72,0.0,6680.72,5.0
2025-04-06,Latin America,-22.5938,-44.0991,Security Suite,Subscription,29,409.02,11861.58,25.0,5134.88,5.0
2025-04-06,Asia Pacific,34.5201,137.1032,Cloud Analytics,Subscription,5,541.59,2707.95,5.0,1349.3,2.0
2025-04-07,Europe,51.2102,1.3197,Security Suite,Software,25,792.0,19800.0,5.0,5382.63,5.0
2025-04-07,North America,34.5188,-119.2039,AI CoPilot,Software,41,907.0,37187.0,5.0,7374.68,3.0
2025-04-08,North America,38.4805,-119.9659,Security Suite,Subscription,31,317.06,9828.86,10.0,2441.48,1.0
2025-04-08,Europe,48.7044,6.2311,Data Connector,Subscription,21,516.12,10838.52,10.0,5954.04,5.0
2025-04-09,Asia Pacific,36.8148,141.6843,Data Connector,Software,20,359.54,7190.8,15.0,2694.21,3.0
2025-04-09,North America,34.2937,-123.2738,Data Connector,Subscription,39,278.43,10858.77,0.0,4525.28,
2025-04-10,North America,38.4148,-121.6943,Enterprise ERP,Software,22,950.9,20919.8,5.0,8907.38,3.0
2025-04-10,Latin America,-23.0586,-45.3452,Data Connector,Subscription,4,1095.64,4382.56,0.0,1459.45,4.0
2025-04-11,Middle East,25.6901,51.8984,Data Connector,Subscription,13,475.77,6185.01,10.0,3081.36,5.0
2025-04-11,Europe,49.6845,2.7082,Enterprise ERP,Software,45,913.97,41128.65,0.0,16930.33,4.0
2025-04-12,North America,39.1866,-120.7448,Data Connector,Subscription,42,1081.54,45424.68,10.0,8518.79,4.0
2025-04-12,North America,40.2148,-125.0808,AI CoPilot,Software,49,1023.04,50128.96,20.0,8603.44,3.0
2025-04-13,North America,35.9335,-120.1743,Data Connector,Software,20,260.24,5204.8,20.0,1742.27,4.0
2025-04-13,Latin America,-20.9501,-45.9631,Data Connector,Subscription,13,1149.74,14946.62,5.0,8779.21,4.0
2025-04-14,North America,37.7609,-118.8016,Enterprise ERP,Software,17,483.18,8214.06,5.0,2373.59,3.0
2025-04-14,Europe,45.4731,-1.3084,AI CoPilot,Software,36,440.13,15844.68,0.0,9265.5,4.0
2025-04-15,North America,34.2433,-124.2968,Security Suite,Software,33,121.8,4019.4,10.0,1924.66,3.0
2025-04-15,Europe,47.5305,3.1646,Cloud Analytics,Software,1,609.1,609.1,15.0,141.81,5.0
2025-04-16,Asia Pacific,37.9554,138.0228,AI CoPilot,Software,15,175.37,2630.55,0.0,442.38,4.0
2025-04-16,Latin America,-21.8891,-44.9179,Security Suite,Software,13,335.82,4365.66,5.0,833.31,3.0
2025-04-17,North America,40.0838,-120.3474,AI CoPilot,Subscription,17,414.48,7046.16,15.0,3079.95,4.0
2025-04-17,North America,37.9131,-125.5993,Security Suite,Software,24,980.15,23523.6,20.0,4701.61,4.0
2025-04-18,North America,37.2965,-122.3086,Security Suite,Subscription,8,1056.81,8454.48,0.0,2837.62,5.0
2025-04-18,Latin America,-26.3709,-46.5622,AI CoPilot,Software,27,397.84,10741.68,10.0,3875.22,5.0
2025-04-19,Latin America,-24.925,-47.6791,Enterprise ERP,Software,45,1037.5,46687.5,0.0,23938.27,4.0
2025-04-19,Europe,48.3288,5.8156,AI CoPilot,Software,23,1035.82,23823.86,0.0,4922.38,5.0
2025-04-20,Asia Pacific,32.385,142.2704,AI CoPilot,Services,46,929.35,42750.1,20.0,12078.89,4.0
2025-04-20,Asia Pacific,33.4411,141.228,Security Suite,Subscription,8,218.7,1749.6,15.0,583.76,3.0
2025-04-21,North America,38.5607,-120.7048,Cloud Analytics,Subscription,8,843.87,6750.96,15.0,2412.47,4.0
2025-04-21,Latin America,-21.6652,-46.9396,Security Suite,Software,26,1136.78,29556.28,0.0,16527.29,4.0
2025-04-22,Europe,52.8434,5.7202,Data Connector,Subscription,47,834.92,39241.24,15.0,7866.43,4.0
2025-04-22,Europe,52.3215,3.909,AI CoPilot,Software,13,431.36,5607.68,5.0,2950.87,5.0
2025-04-23,Europe,49.9971,4.184,AI CoPilot,Software,39,625.67,24401.13,5.0,11507.99,4.0
2025-04-23,North America,37.1449,-119.5259,Enterprise ERP,Subscription,37,792.58,29325.46,10.0,11294.46,5.0
2025-04-24,North America,38.8643,-124.2268,Security Suite,Software,49,637.16,31220.84,0.0,15603.05,5.0
2025-04-24,Asia Pacific,37.9614,142.1069,Enterprise ERP,Services,28,187.95,5262.6,15.0,1592.5,4.0
2025-04-25,North America,34.7216,-124.8575,AI CoPilot,Software,25,408.87,10221.75,10.0,2016.54,4.0
2025-04-25,Asia Pacific,34.9554,138.413,Security Suite,Services,16,972.76,15564.16,0.0,7515.66,4.0
2025-04-26,North America,40.4933,-123.7345,Security Suite,Subscription,2,1040.63,2081.26,0.0,858.18,5.0
2025-04-26,Europe,47.9273,6.1804,Data Connector,Subscription,18,207.9,3742.2,0.0,1757.66,4.0
2025-04-27,North America,38.3499,-119.5671,Data Connector,Software,17,1145.24,19469.08,0.0,6210.62,1.0
2025-04-27,Europe,49.5588,3.9616,Cloud Analytics,Software,30,428.15,12844.5,10.0,6975.72,4.0
2025-04-28,Asia Pacific,33.152,141.4668,Data Connector,Services,39,811.66,31654.74,15.0,11938.02,4.0
2025-04-28,North America,36.6728,-121.9228,Security Suite,Software,13,914.6,11889.8,0.0,2291.18,2.0
2025-04-29,Europe,47.5327,5.9289,Data Connector,Subscription,32,983.74,31479.68,0.0,11801.79,1.0
2025-04-29,Europe,45.0662,2.3223,Cloud Analytics,Services,29,1137.61,32990.69,10.0,15682.46,4.0
2025-04-30,Asia Pacific,31.8697,138.6944,AI CoPilot,Software,46,409.86,18853.56,15.0,8767.04,4.0
2025-04-30,Middle East,27.8584,52.5751,Data Connector,Subscription,30,1037.28,31118.4,5.0,11745.13,4.0
2025-05-01,Asia Pacific,33.8608,141.9399,Security Suite,Subscription,18,201.44,3625.92,5.0,2057.73,3.0
2025-05-01,North America,37.9195,-120.5438,AI CoPilot,Software,13,860.8,11190.4,10.0,2858.6,3.0
2025-05-02,North America,36.1647,-123.3446,Security Suite,Software,43,903.27,38840.61,0.0,13800.04,4.0
2025-05-02,North America,41.3003,-126.2179,AI CoPilot,Software,21,829.38,17416.98,0.0,10437.97,4.0
2025-05-03,Europe,46.931,5.0642,Security Suite,Software,30,340.16,10204.8,15.0,5188.21,3.0
2025-05-03,North America,37.2122,-126.3281,Data Connector,Subscription,21,1054.0,22134.0,10.0,9817.99,4.0
2025-05-04,Europe,51.8384,3.9818,Data Connector,Software,48,244.19,11721.12,10.0,6113.05,4.0
2025-05-04,Europe,51.5921,6.1143,Cloud Analytics,Services,17,111.68,1898.56,15.0,313.7,
2025-05-05,North America,35.2637,-122.9181,AI CoPilot,Software,40,875.08,35003.2,10.0,18350.35,3.0
2025-05-05,Asia Pacific,38.0973,137.5301,Cloud Analytics,Subscription,19,596.8,11339.2,0.0,3518.67,2.0
2025-05-06,North America,37.4404,-120.7804,Enterprise ERP,Subscription,15,1026.46,15396.9,5.0,3498.29,5.0
2025-05-06,North America,37.6387,-119.8824,Data Connector,Software,9,490.91,4418.19,0.0,1191.52,5.0
2025-05-07,Asia Pacific,32.744,140.0217,AI CoPilot,Software,10,243.52,2435.2,0.0,874.2,5.0
2025-05-07,Europe,45.5014,6.0885,Cloud Analytics,Subscription,44,1011.91,44524.04,10.0,11043.58,5.0
2025-05-08,Asia Pacific,37.4997,136.0636,Cloud Analytics,Services,31,681.25,21118.75,20.0,5242.24,4.0
2025-05-08,Europe,48.8283,2.3906,Enterprise ERP,Software,23,267.58,6154.34,25.0,1003.88,4.0
2025-05-09,North America,37.2697,-120.6718,Cloud Analytics,Software,30,878.44,26353.2,10.0,7070.02,4.0
2025-05-09,Latin America,-21.7144,-43.7322,Security Suite,Software,33,637.78,21046.74,0.0,9179.37,1.0
2025-05-10,Asia Pacific,37.8003,137.0843,Data Connector,Software,9,744.96,6704.64,0.0,2486.93,4.0
2025-05-10,Asia Pacific,32.9475,142.0503,Cloud Analytics,Subscription,47,580.03,27261.41,15.0,7492.95,5.0
2025-05-11,North America,38.6567,-121.9977,Cloud Analytics,Subscription,1,1003.02,1003.02,10.0,472.33,4.0
2025-05-11,Europe,45.9394,1.5246,Enterprise ERP,Software,44,1004.0,44176.0,10.0,23726.02,4.0
2025-05-12,Europe,50.8676,-0.5941,Security Suite,Services,35,865.8,30303.0,15.0,13610.15,3.0
2025-05-12,North America,39.0305,-119.497,Cloud Analytics,Software,11,171.21,1883.31,15.0,505.86,4.0
2025-05-13,Latin America,-19.8976,-49.3751,Data Connector,Subscription,34,1014.68,34499.12,15.0,15313.74,4.0
2025-05-13,North America,34.3266,-123.9411,Data Connector,Software,16,821.66,13146.56,0.0,2970.99,5.0
2025-05-14,Middle East,21.6612,53.5912,Cloud Analytics,Software,9,851.58,7664.22,15.0,1401.67,4.0
2025-05-14,Europe,47.1141,5.3235,Security Suite,Software,32,467.43,14957.76,20.0,3862.85,5.0
